Query_ID	Target_ID	Optimal_offset	p-value	E-value	q-value	Overlap	Query_consensus	Target_consensus	Orientation
YSGNCSDSCDGSWSSBCSASSWSGYCSDBSVCGWCS	EXPREG_00001560	16	5.10154e-09	3.01501e-06	5.6169e-06	24	CCGTCGACCAGGTCCCCGAGGTGGTCGAGGCCGTCG	AATAGATTTTATCTATCGGTTAAATTGTACATAGAGATTT	+
YSGNCSDSCDGSWSSBCSASSWSGYCSDBSVCGWCS	EXPREG_000009b0	-1	3.86159e-07	0.00022822	0.000141723	23	CCGTCGACCAGGTCCCCGAGGTGGTCGAGGCCGTCG	CACCTATCAGATCTGCTAGCTGG	+
YSGNCSDSCDGSWSSBCSASSWSGYCSDBSVCGWCS	EXPREG_000009d0	5	6.27825e-07	0.000371044	0.000172812	19	CCGTCGACCAGGTCCCCGAGGTGGTCGAGGCCGTCG	ACGGGCGGACGAACGGTTGGGGGA	-
YSGNCSDSCDGSWSSBCSASSWSGYCSDBSVCGWCS	EXPREG_000004d0	-1	2.12454e-06	0.0012556	0.00038986	24	CCGTCGACCAGGTCCCCGAGGTGGTCGAGGCCGTCG	GTGCTGGCAGATCGCCATCATCGC	+
YSGNCSDSCDGSWSSBCSASSWSGYCSDBSVCGWCS	MX000111	30	4.47172e-06	0.00264279	0.000596016	16	CCGTCGACCAGGTCCCCGAGGTGGTCGAGGCCGTCG	CCGGCCAATAGCAAGTGTCGTGCCAGGGCGCCGCCCGGCGGAATGC	-
YSGNCSDSCDGSWSSBCSASSWSGYCSDBSVCGWCS	EXPREG_000006f0	0	4.87198e-06	0.00287934	0.000596016	28	CCGTCGACCAGGTCCCCGAGGTGGTCGAGGCCGTCG	AACCTTCCCAGGTGCATCAAGACCTTGC	+
YSGNCSDSCDGSWSSBCSASSWSGYCSDBSVCGWCS	MX000033	3	6.49298e-06	0.00383735	0.00071489	28	CCGTCGACCAGGTCCCCGAGGTGGTCGAGGCCGTCG	AATCGGACCCGCGGCGCGTGGAAAAGTTCCA	-

# Tomtom (Motif Comparison Tool): Version 5.5.5 compiled on Jan 16 2024 at 01:24:12
# The format of this file is described at https://meme-suite.org/meme/doc/tomtom-output-format.html.
# tomtom -oc motifs/Surugamide/tomtom_consensus -thresh 0.001 -incomplete-scores -png motifs/Surugamide/meme.txt /Users/nilmat/miniconda3/envs/imodulon/lib/python3.7/site-packages/pymodulon/data/meme/collectf.meme /Users/nilmat/miniconda3/envs/imodulon/lib/python3.7/site-packages/pymodulon/data/meme/dpinteract.meme /Users/nilmat/miniconda3/envs/imodulon/lib/python3.7/site-packages/pymodulon/data/meme/prodoric.meme /Users/nilmat/miniconda3/envs/imodulon/lib/python3.7/site-packages/pymodulon/data/meme/regtransbase.meme /Users/nilmat/miniconda3/envs/imodulon/lib/python3.7/site-packages/pymodulon/data/meme/SwissRegulon_e_coli.meme
