Gene,Imodulon
XNR_RS04360,BGC-19-20 deletion
XNR_RS04365,BGC-19-20 deletion
XNR_RS04390,BGC-19-20 deletion
XNR_RS27295,BGC-19-20 deletion
XNR_RS27835,BGC-19-20 deletion
XNR_RS27845,BGC-19-20 deletion
XNR_RS27905,BGC-19-20 deletion
XNR_RS27910,BGC-19-20 deletion
XNR_RS27915,BGC-19-20 deletion
XNR_RS27920,BGC-19-20 deletion
XNR_RS27925,BGC-19-20 deletion
XNR_RS27930,BGC-19-20 deletion
XNR_RS27935,BGC-19-20 deletion
XNR_RS27940,BGC-19-20 deletion
XNR_RS27945,BGC-19-20 deletion
XNR_RS27950,BGC-19-20 deletion
XNR_RS27955,BGC-19-20 deletion
XNR_RS27965,BGC-19-20 deletion
XNR_RS27975,BGC-19-20 deletion
XNR_RS30700,BGC-19-20 deletion
XNR_RS27990,BGC-19-20 deletion
XNR_RS27995,BGC-19-20 deletion
XNR_RS28000,BGC-19-20 deletion
XNR_RS28005,BGC-19-20 deletion
XNR_RS28015,BGC-19-20 deletion
XNR_RS28020,BGC-19-20 deletion
XNR_RS28025,BGC-19-20 deletion
XNR_RS28030,BGC-19-20 deletion
XNR_RS28035,BGC-19-20 deletion
XNR_RS28065,BGC-19-20 deletion
XNR_RS28070,BGC-19-20 deletion
XNR_RS28075,BGC-19-20 deletion
XNR_RS28080,BGC-19-20 deletion
XNR_RS28085,BGC-19-20 deletion
XNR_RS28090,BGC-19-20 deletion
XNR_RS28095,BGC-19-20 deletion
XNR_RS28100,BGC-19-20 deletion
XNR_RS28105,BGC-19-20 deletion
XNR_RS28115,BGC-19-20 deletion
XNR_RS28120,BGC-19-20 deletion
XNR_RS28125,BGC-19-20 deletion
XNR_RS28130,BGC-19-20 deletion
XNR_RS28135,BGC-19-20 deletion
XNR_RS28140,BGC-19-20 deletion
XNR_RS28145,BGC-19-20 deletion
XNR_RS28150,BGC-19-20 deletion
XNR_RS28155,BGC-19-20 deletion
XNR_RS28170,BGC-19-20 deletion
XNR_RS28175,BGC-19-20 deletion
XNR_RS28205,BGC-19-20 deletion
XNR_RS30185,BGC-19-20 deletion
XNR_RS28215,BGC-19-20 deletion
XNR_RS28235,BGC-19-20 deletion
XNR_RS02770,Glutamine
XNR_RS06240,Glutamine
XNR_RS06860,Glutamine
XNR_RS06865,Glutamine
XNR_RS09025,Glutamine
XNR_RS09900,Glutamine
XNR_RS09905,Glutamine
XNR_RS11020,Glutamine
XNR_RS11270,Glutamine
XNR_RS14130,Glutamine
XNR_RS14135,Glutamine
XNR_RS14140,Glutamine
XNR_RS14145,Glutamine
XNR_RS14400,Glutamine
XNR_RS14505,Glutamine
XNR_RS14510,Glutamine
XNR_RS14515,Glutamine
XNR_RS14520,Glutamine
XNR_RS17205,Glutamine
XNR_RS18105,Glutamine
XNR_RS19775,Glutamine
XNR_RS21320,Glutamine
XNR_RS21325,Glutamine
XNR_RS22920,Glutamine
XNR_RS26275,Glutamine
XNR_RS27155,Glutamine
XNR_RS01155,Prophages
XNR_RS02625,Prophages
XNR_RS02630,Prophages
XNR_RS02635,Prophages
XNR_RS02640,Prophages
XNR_RS02645,Prophages
XNR_RS02650,Prophages
XNR_RS02655,Prophages
XNR_RS30730,Prophages
XNR_RS30665,Prophages
XNR_RS02670,Prophages
XNR_RS02675,Prophages
XNR_RS02680,Prophages
XNR_RS02685,Prophages
XNR_RS02690,Prophages
XNR_RS02695,Prophages
XNR_RS02700,Prophages
XNR_RS16140,Prophages
XNR_RS16145,Prophages
XNR_RS18670,Prophages
XNR_RS07685,Surugamide repressor
XNR_RS07690,Surugamide repressor
XNR_RS17120,Surugamide repressor
XNR_RS17125,Surugamide repressor
XNR_RS17130,Surugamide repressor
XNR_RS17135,Surugamide repressor
XNR_RS17140,Surugamide repressor
XNR_RS15950,ArsR
XNR_RS15955,ArsR
XNR_RS15960,ArsR
XNR_RS15965,ArsR
XNR_RS00955,Paulomycin-1
XNR_RS02840,Paulomycin-1
XNR_RS02845,Paulomycin-1
XNR_RS02850,Paulomycin-1
XNR_RS02855,Paulomycin-1
XNR_RS02860,Paulomycin-1
XNR_RS02865,Paulomycin-1
XNR_RS02870,Paulomycin-1
XNR_RS02875,Paulomycin-1
XNR_RS02880,Paulomycin-1
XNR_RS02885,Paulomycin-1
XNR_RS02890,Paulomycin-1
XNR_RS02895,Paulomycin-1
XNR_RS02900,Paulomycin-1
XNR_RS02905,Paulomycin-1
XNR_RS02910,Paulomycin-1
XNR_RS02915,Paulomycin-1
XNR_RS02920,Paulomycin-1
XNR_RS02925,Paulomycin-1
XNR_RS02930,Paulomycin-1
XNR_RS02935,Paulomycin-1
XNR_RS02940,Paulomycin-1
XNR_RS02945,Paulomycin-1
XNR_RS02950,Paulomycin-1
XNR_RS10865,Paulomycin-1
XNR_RS10870,Paulomycin-1
XNR_RS31180,Paulomycin-1
XNR_RS31185,Paulomycin-1
XNR_RS17100,Paulomycin-1
XNR_RS17105,Paulomycin-1
XNR_RS30620,Paulomycin-1
XNR_RS00315,UC-1
XNR_RS00330,UC-1
XNR_RS00385,UC-1
XNR_RS00470,UC-1
XNR_RS00715,UC-1
XNR_RS01220,UC-1
XNR_RS01820,UC-1
XNR_RS01865,UC-1
XNR_RS02425,UC-1
XNR_RS03180,UC-1
XNR_RS03290,UC-1
XNR_RS03610,UC-1
XNR_RS03725,UC-1
XNR_RS03935,UC-1
XNR_RS04030,UC-1
XNR_RS30740,UC-1
XNR_RS05235,UC-1
XNR_RS05325,UC-1
XNR_RS06565,UC-1
XNR_RS06825,UC-1
XNR_RS06855,UC-1
XNR_RS06915,UC-1
XNR_RS07370,UC-1
XNR_RS07565,UC-1
XNR_RS07570,UC-1
XNR_RS07575,UC-1
XNR_RS31540,UC-1
XNR_RS07595,UC-1
XNR_RS07735,UC-1
XNR_RS07925,UC-1
XNR_RS08120,UC-1
XNR_RS08465,UC-1
XNR_RS08525,UC-1
XNR_RS08580,UC-1
XNR_RS08935,UC-1
XNR_RS09780,UC-1
XNR_RS09850,UC-1
XNR_RS09855,UC-1
XNR_RS09985,UC-1
XNR_RS29710,UC-1
XNR_RS10140,UC-1
XNR_RS10170,UC-1
XNR_RS10235,UC-1
XNR_RS10460,UC-1
XNR_RS10500,UC-1
XNR_RS31165,UC-1
XNR_RS10625,UC-1
XNR_RS30600,UC-1
XNR_RS30300,UC-1
XNR_RS30305,UC-1
XNR_RS11205,UC-1
XNR_RS11460,UC-1
XNR_RS11530,UC-1
XNR_RS31190,UC-1
XNR_RS11610,UC-1
XNR_RS11720,UC-1
XNR_RS11820,UC-1
XNR_RS11830,UC-1
XNR_RS11905,UC-1
XNR_RS12305,UC-1
XNR_RS12705,UC-1
XNR_RS30810,UC-1
XNR_RS13065,UC-1
XNR_RS13075,UC-1
XNR_RS13290,UC-1
XNR_RS13300,UC-1
XNR_RS31215,UC-1
XNR_RS31225,UC-1
XNR_RS13735,UC-1
XNR_RS13740,UC-1
XNR_RS14250,UC-1
XNR_RS14285,UC-1
XNR_RS14430,UC-1
XNR_RS14455,UC-1
XNR_RS14635,UC-1
XNR_RS15095,UC-1
XNR_RS15140,UC-1
XNR_RS15185,UC-1
XNR_RS15290,UC-1
XNR_RS15355,UC-1
XNR_RS15930,UC-1
XNR_RS15945,UC-1
XNR_RS16030,UC-1
XNR_RS16595,UC-1
XNR_RS16860,UC-1
XNR_RS17360,UC-1
XNR_RS17620,UC-1
XNR_RS18060,UC-1
XNR_RS18145,UC-1
XNR_RS30035,UC-1
XNR_RS18990,UC-1
XNR_RS19020,UC-1
XNR_RS19110,UC-1
XNR_RS19225,UC-1
XNR_RS19350,UC-1
XNR_RS19410,UC-1
XNR_RS19530,UC-1
XNR_RS19595,UC-1
XNR_RS20375,UC-1
XNR_RS20420,UC-1
XNR_RS20485,UC-1
XNR_RS20700,UC-1
XNR_RS21045,UC-1
XNR_RS21255,UC-1
XNR_RS21260,UC-1
XNR_RS21565,UC-1
XNR_RS21830,UC-1
XNR_RS21835,UC-1
XNR_RS21930,UC-1
XNR_RS22460,UC-1
XNR_RS22820,UC-1
XNR_RS22870,UC-1
XNR_RS22985,UC-1
XNR_RS23165,UC-1
XNR_RS23170,UC-1
XNR_RS23235,UC-1
XNR_RS23240,UC-1
XNR_RS23795,UC-1
XNR_RS23885,UC-1
XNR_RS25200,UC-1
XNR_RS25310,UC-1
XNR_RS25390,UC-1
XNR_RS25575,UC-1
XNR_RS26000,UC-1
XNR_RS26345,UC-1
XNR_RS26360,UC-1
XNR_RS26370,UC-1
XNR_RS26860,UC-1
XNR_RS26980,UC-1
XNR_RS26985,UC-1
XNR_RS27120,UC-1
XNR_RS27295,UC-1
XNR_RS27300,UC-1
XNR_RS27590,UC-1
XNR_RS27665,UC-1
XNR_RS27670,UC-1
XNR_RS27880,UC-1
XNR_RS28030,UC-1
XNR_RS28290,UC-1
XNR_RS28560,UC-1
XNR_RS04835,Cyclofaulknamycin-1
XNR_RS04840,Cyclofaulknamycin-1
XNR_RS04845,Cyclofaulknamycin-1
XNR_RS04850,Cyclofaulknamycin-1
XNR_RS04855,Cyclofaulknamycin-1
XNR_RS04860,Cyclofaulknamycin-1
XNR_RS04865,Cyclofaulknamycin-1
XNR_RS04870,Cyclofaulknamycin-1
XNR_RS04875,Cyclofaulknamycin-1
XNR_RS04880,Cyclofaulknamycin-1
XNR_RS04885,Cyclofaulknamycin-1
XNR_RS04890,Cyclofaulknamycin-1
XNR_RS04895,Cyclofaulknamycin-1
XNR_RS04900,Cyclofaulknamycin-1
XNR_RS04905,Cyclofaulknamycin-1
XNR_RS04910,Cyclofaulknamycin-1
XNR_RS04915,Cyclofaulknamycin-1
XNR_RS04920,Cyclofaulknamycin-1
XNR_RS02105,Leucine
XNR_RS06225,Leucine
XNR_RS06230,Leucine
XNR_RS06235,Leucine
XNR_RS06440,Leucine
XNR_RS06470,Leucine
XNR_RS31535,Leucine
XNR_RS06535,Leucine
XNR_RS06540,Leucine
XNR_RS06545,Leucine
XNR_RS21350,Leucine
XNR_RS21840,Leucine
XNR_RS00065,UC-2
XNR_RS00325,UC-2
XNR_RS00850,UC-2
XNR_RS00855,UC-2
XNR_RS01185,UC-2
XNR_RS01190,UC-2
XNR_RS29515,UC-2
XNR_RS01290,UC-2
XNR_RS01705,UC-2
XNR_RS02285,UC-2
XNR_RS02295,UC-2
XNR_RS02370,UC-2
XNR_RS03055,UC-2
XNR_RS03255,UC-2
XNR_RS03320,UC-2
XNR_RS03350,UC-2
XNR_RS03640,UC-2
XNR_RS03790,UC-2
XNR_RS04050,UC-2
XNR_RS04055,UC-2
XNR_RS04270,UC-2
XNR_RS05295,UC-2
XNR_RS05675,UC-2
XNR_RS05680,UC-2
XNR_RS05855,UC-2
XNR_RS05875,UC-2
XNR_RS05915,UC-2
XNR_RS06400,UC-2
XNR_RS06500,UC-2
XNR_RS06870,UC-2
XNR_RS07540,UC-2
XNR_RS08005,UC-2
XNR_RS08010,UC-2
XNR_RS29645,UC-2
XNR_RS08765,UC-2
XNR_RS08770,UC-2
XNR_RS08775,UC-2
XNR_RS08840,UC-2
XNR_RS08980,UC-2
XNR_RS09030,UC-2
XNR_RS29680,UC-2
XNR_RS09040,UC-2
XNR_RS09320,UC-2
XNR_RS09835,UC-2
XNR_RS09840,UC-2
XNR_RS10150,UC-2
XNR_RS10175,UC-2
XNR_RS10180,UC-2
XNR_RS11005,UC-2
XNR_RS11095,UC-2
XNR_RS11100,UC-2
XNR_RS11130,UC-2
XNR_RS11715,UC-2
XNR_RS11735,UC-2
XNR_RS11795,UC-2
XNR_RS11990,UC-2
XNR_RS12425,UC-2
XNR_RS12780,UC-2
XNR_RS12785,UC-2
XNR_RS12995,UC-2
XNR_RS13145,UC-2
XNR_RS13720,UC-2
XNR_RS14655,UC-2
XNR_RS15705,UC-2
XNR_RS16010,UC-2
XNR_RS16065,UC-2
XNR_RS16165,UC-2
XNR_RS16305,UC-2
XNR_RS16790,UC-2
XNR_RS17575,UC-2
XNR_RS18165,UC-2
XNR_RS18285,UC-2
XNR_RS18925,UC-2
XNR_RS19065,UC-2
XNR_RS19080,UC-2
XNR_RS20060,UC-2
XNR_RS20065,UC-2
XNR_RS20075,UC-2
XNR_RS21110,UC-2
XNR_RS21115,UC-2
XNR_RS30095,UC-2
XNR_RS21760,UC-2
XNR_RS21890,UC-2
XNR_RS22095,UC-2
XNR_RS22105,UC-2
XNR_RS22770,UC-2
XNR_RS23585,UC-2
XNR_RS24895,UC-2
XNR_RS25235,UC-2
XNR_RS25240,UC-2
XNR_RS25250,UC-2
XNR_RS25265,UC-2
XNR_RS25485,UC-2
XNR_RS26020,UC-2
XNR_RS26055,UC-2
XNR_RS26155,UC-2
XNR_RS31400,UC-2
XNR_RS26930,UC-2
XNR_RS27005,UC-2
XNR_RS27330,UC-2
XNR_RS27365,UC-2
XNR_RS27550,UC-2
XNR_RS27910,UC-2
XNR_RS28135,UC-2
XNR_RS31165,ABC transporter
XNR_RS12260,ABC transporter
XNR_RS12265,ABC transporter
XNR_RS12320,ABC transporter
XNR_RS12325,ABC transporter
XNR_RS00585,Histidine
XNR_RS00590,Histidine
XNR_RS00595,Histidine
XNR_RS00600,Histidine
XNR_RS00605,Histidine
XNR_RS00610,Histidine
XNR_RS29515,Histidine
XNR_RS01290,Histidine
XNR_RS01530,Histidine
XNR_RS04135,Histidine
XNR_RS04365,Histidine
XNR_RS09760,Histidine
XNR_RS09765,Histidine
XNR_RS09770,Histidine
XNR_RS12985,Histidine
XNR_RS14465,Histidine
XNR_RS19945,Histidine
XNR_RS22920,Histidine
XNR_RS29710,UC-3
XNR_RS12550,UC-3
XNR_RS12555,UC-3
XNR_RS12560,UC-3
XNR_RS12565,UC-3
XNR_RS12570,UC-3
XNR_RS12575,UC-3
XNR_RS12580,UC-3
XNR_RS12595,UC-3
XNR_RS12600,UC-3
XNR_RS12605,UC-3
XNR_RS12610,UC-3
XNR_RS12615,UC-3
XNR_RS12625,UC-3
XNR_RS12630,UC-3
XNR_RS12635,UC-3
XNR_RS12640,UC-3
XNR_RS12645,UC-3
XNR_RS12650,UC-3
XNR_RS12655,UC-3
XNR_RS00440,Cysteine
XNR_RS01090,Cysteine
XNR_RS03500,Cysteine
XNR_RS03505,Cysteine
XNR_RS03510,Cysteine
XNR_RS03515,Cysteine
XNR_RS03520,Cysteine
XNR_RS03525,Cysteine
XNR_RS03530,Cysteine
XNR_RS03535,Cysteine
XNR_RS03540,Cysteine
XNR_RS03545,Cysteine
XNR_RS03550,Cysteine
XNR_RS05735,Cysteine
XNR_RS05755,Cysteine
XNR_RS08850,Cysteine
XNR_RS08855,Cysteine
XNR_RS16510,Cysteine
XNR_RS16515,Cysteine
XNR_RS31590,Cysteine
XNR_RS17705,Cysteine
XNR_RS23445,Cysteine
XNR_RS27480,Cysteine
XNR_RS00495,UC-4
XNR_RS00820,UC-4
XNR_RS01990,UC-4
XNR_RS31035,UC-4
XNR_RS02090,UC-4
XNR_RS03660,UC-4
XNR_RS31055,UC-4
XNR_RS04185,UC-4
XNR_RS04220,UC-4
XNR_RS04960,UC-4
XNR_RS04965,UC-4
XNR_RS05160,UC-4
XNR_RS05245,UC-4
XNR_RS05320,UC-4
XNR_RS06435,UC-4
XNR_RS06505,UC-4
XNR_RS07495,UC-4
XNR_RS07860,UC-4
XNR_RS07865,UC-4
XNR_RS07965,UC-4
XNR_RS30760,UC-4
XNR_RS08855,UC-4
XNR_RS30770,UC-4
XNR_RS10460,UC-4
XNR_RS10615,UC-4
XNR_RS10635,UC-4
XNR_RS10655,UC-4
XNR_RS10660,UC-4
XNR_RS11000,UC-4
XNR_RS11500,UC-4
XNR_RS11555,UC-4
XNR_RS11810,UC-4
XNR_RS11915,UC-4
XNR_RS12045,UC-4
XNR_RS12320,UC-4
XNR_RS12325,UC-4
XNR_RS12395,UC-4
XNR_RS12760,UC-4
XNR_RS13175,UC-4
XNR_RS13230,UC-4
XNR_RS13770,UC-4
XNR_RS14235,UC-4
XNR_RS14240,UC-4
XNR_RS14250,UC-4
XNR_RS14860,UC-4
XNR_RS14865,UC-4
XNR_RS15100,UC-4
XNR_RS15385,UC-4
XNR_RS15995,UC-4
XNR_RS31275,UC-4
XNR_RS16555,UC-4
XNR_RS16560,UC-4
XNR_RS16770,UC-4
XNR_RS17020,UC-4
XNR_RS17350,UC-4
XNR_RS17550,UC-4
XNR_RS17600,UC-4
XNR_RS19155,UC-4
XNR_RS19470,UC-4
XNR_RS19475,UC-4
XNR_RS20480,UC-4
XNR_RS20870,UC-4
XNR_RS20920,UC-4
XNR_RS21165,UC-4
XNR_RS21800,UC-4
XNR_RS22100,UC-4
XNR_RS22515,UC-4
XNR_RS22755,UC-4
XNR_RS22760,UC-4
XNR_RS22920,UC-4
XNR_RS23365,UC-4
XNR_RS23380,UC-4
XNR_RS23525,UC-4
XNR_RS23540,UC-4
XNR_RS24030,UC-4
XNR_RS24195,UC-4
XNR_RS24200,UC-4
XNR_RS24205,UC-4
XNR_RS24215,UC-4
XNR_RS25435,UC-4
XNR_RS27615,UC-4
XNR_RS27620,UC-4
XNR_RS27625,UC-4
XNR_RS27630,UC-4
XNR_RS27825,UC-4
XNR_RS27850,UC-4
XNR_RS27990,UC-4
XNR_RS28145,UC-4
XNR_RS28155,UC-4
XNR_RS28175,UC-4
XNR_RS28285,UC-4
XNR_RS28650,UC-4
XNR_RS28775,UC-4
XNR_RS28780,UC-4
XNR_RS00125,UC-5
XNR_RS00170,UC-5
XNR_RS00175,UC-5
XNR_RS00180,UC-5
XNR_RS20420,UC-5
XNR_RS20425,UC-5
XNR_RS00705,Minimycin deletion
XNR_RS00710,Minimycin deletion
XNR_RS00715,Minimycin deletion
XNR_RS00720,Minimycin deletion
XNR_RS03370,Minimycin deletion
XNR_RS11575,Minimycin deletion
XNR_RS11585,Minimycin deletion
XNR_RS27775,Minimycin deletion
XNR_RS27780,Minimycin deletion
XNR_RS27785,Minimycin deletion
XNR_RS27790,Minimycin deletion
XNR_RS27795,Minimycin deletion
XNR_RS27800,Minimycin deletion
XNR_RS27825,Minimycin deletion
XNR_RS27835,Minimycin deletion
XNR_RS27840,Minimycin deletion
XNR_RS27860,Minimycin deletion
XNR_RS27865,Minimycin deletion
XNR_RS27870,Minimycin deletion
XNR_RS27875,Minimycin deletion
XNR_RS27880,Minimycin deletion
XNR_RS27885,Minimycin deletion
XNR_RS27895,Minimycin deletion
XNR_RS27920,Minimycin deletion
XNR_RS27925,Minimycin deletion
XNR_RS00520,RpoH
XNR_RS01155,RpoH
XNR_RS02115,RpoH
XNR_RS02315,RpoH
XNR_RS02320,RpoH
XNR_RS02815,RpoH
XNR_RS03370,RpoH
XNR_RS03475,RpoH
XNR_RS03480,RpoH
XNR_RS03485,RpoH
XNR_RS04360,RpoH
XNR_RS04365,RpoH
XNR_RS05460,RpoH
XNR_RS06945,RpoH
XNR_RS07495,RpoH
XNR_RS08715,RpoH
XNR_RS08720,RpoH
XNR_RS08725,RpoH
XNR_RS09885,RpoH
XNR_RS10845,RpoH
XNR_RS13245,RpoH
XNR_RS13250,RpoH
XNR_RS13350,RpoH
XNR_RS13355,RpoH
XNR_RS13360,RpoH
XNR_RS13905,RpoH
XNR_RS15435,RpoH
XNR_RS15730,RpoH
XNR_RS15735,RpoH
XNR_RS15740,RpoH
XNR_RS15745,RpoH
XNR_RS15775,RpoH
XNR_RS16080,RpoH
XNR_RS16085,RpoH
XNR_RS17720,RpoH
XNR_RS18180,RpoH
XNR_RS19470,RpoH
XNR_RS19475,RpoH
XNR_RS20320,RpoH
XNR_RS20325,RpoH
XNR_RS20330,RpoH
XNR_RS20335,RpoH
XNR_RS21045,RpoH
XNR_RS21395,RpoH
XNR_RS25475,RpoH
XNR_RS27185,RpoH
XNR_RS28445,RpoH
XNR_RS28715,RpoH
XNR_RS00220,Isorenieratene/streptamidine
XNR_RS21870,Isorenieratene/streptamidine
XNR_RS21875,Isorenieratene/streptamidine
XNR_RS21880,Isorenieratene/streptamidine
XNR_RS28250,Isorenieratene/streptamidine
XNR_RS28255,Isorenieratene/streptamidine
XNR_RS28260,Isorenieratene/streptamidine
XNR_RS28265,Isorenieratene/streptamidine
XNR_RS28270,Isorenieratene/streptamidine
XNR_RS28275,Isorenieratene/streptamidine
XNR_RS28455,Isorenieratene/streptamidine
XNR_RS28460,Isorenieratene/streptamidine
XNR_RS28465,Isorenieratene/streptamidine
XNR_RS28470,Isorenieratene/streptamidine
XNR_RS28475,Isorenieratene/streptamidine
XNR_RS28595,Isorenieratene/streptamidine
XNR_RS28600,Isorenieratene/streptamidine
XNR_RS28605,Isorenieratene/streptamidine
XNR_RS28610,Isorenieratene/streptamidine
XNR_RS28615,Isorenieratene/streptamidine
XNR_RS31665,Isorenieratene/streptamidine
XNR_RS28620,Isorenieratene/streptamidine
XNR_RS28625,Isorenieratene/streptamidine
XNR_RS28630,Isorenieratene/streptamidine
XNR_RS28635,Isorenieratene/streptamidine
XNR_RS28640,Isorenieratene/streptamidine
XNR_RS28645,Isorenieratene/streptamidine
XNR_RS00950,Mannitol/xylose
XNR_RS04795,Mannitol/xylose
XNR_RS04800,Mannitol/xylose
XNR_RS04805,Mannitol/xylose
XNR_RS04810,Mannitol/xylose
XNR_RS04815,Mannitol/xylose
XNR_RS00895,WhiH
XNR_RS01230,WhiH
XNR_RS01235,WhiH
XNR_RS01240,WhiH
XNR_RS01245,WhiH
XNR_RS01250,WhiH
XNR_RS01380,WhiH
XNR_RS03275,WhiH
XNR_RS05135,WhiH
XNR_RS05140,WhiH
XNR_RS05175,WhiH
XNR_RS07175,WhiH
XNR_RS07710,WhiH
XNR_RS07715,WhiH
XNR_RS08075,WhiH
XNR_RS08080,WhiH
XNR_RS08085,WhiH
XNR_RS08090,WhiH
XNR_RS10680,WhiH
XNR_RS31560,WhiH
XNR_RS10685,WhiH
XNR_RS10755,WhiH
XNR_RS10760,WhiH
XNR_RS11490,WhiH
XNR_RS14715,WhiH
XNR_RS31240,WhiH
XNR_RS14740,WhiH
XNR_RS14745,WhiH
XNR_RS14750,WhiH
XNR_RS15575,WhiH
XNR_RS15580,WhiH
XNR_RS15585,WhiH
XNR_RS15590,WhiH
XNR_RS17335,WhiH
XNR_RS17340,WhiH
XNR_RS17485,WhiH
XNR_RS19060,WhiH
XNR_RS30630,WhiH
XNR_RS22695,WhiH
XNR_RS23225,WhiH
XNR_RS24110,WhiH
XNR_RS24590,WhiH
XNR_RS24870,WhiH
XNR_RS25095,WhiH
XNR_RS25535,WhiH
XNR_RS31640,WhiH
XNR_RS31645,WhiH
XNR_RS25770,WhiH
XNR_RS25775,WhiH
XNR_RS25780,WhiH
XNR_RS25785,WhiH
XNR_RS25790,WhiH
XNR_RS01530,WblA
XNR_RS02110,WblA
XNR_RS02205,WblA
XNR_RS03370,WblA
XNR_RS05240,WblA
XNR_RS06415,WblA
XNR_RS31535,WblA
XNR_RS06495,WblA
XNR_RS06835,WblA
XNR_RS07350,WblA
XNR_RS29665,WblA
XNR_RS08935,WblA
XNR_RS09810,WblA
XNR_RS09815,WblA
XNR_RS09820,WblA
XNR_RS09825,WblA
XNR_RS10970,WblA
XNR_RS11125,WblA
XNR_RS13105,WblA
XNR_RS13110,WblA
XNR_RS31210,WblA
XNR_RS13555,WblA
XNR_RS16090,WblA
XNR_RS16135,WblA
XNR_RS16595,WblA
XNR_RS16815,WblA
XNR_RS30860,WblA
XNR_RS17725,WblA
XNR_RS18155,WblA
XNR_RS20340,WblA
XNR_RS24845,WblA
XNR_RS25230,WblA
XNR_RS25965,WblA
XNR_RS26790,WblA
XNR_RS27125,WblA
XNR_RS27460,WblA
XNR_RS27480,WblA
XNR_RS27600,WblA
XNR_RS03040,Sucrose
XNR_RS03045,Sucrose
XNR_RS03070,Sucrose
XNR_RS03075,Sucrose
XNR_RS00500,Sulfate
XNR_RS00800,Sulfate
XNR_RS00805,Sulfate
XNR_RS00810,Sulfate
XNR_RS00815,Sulfate
XNR_RS01170,Sulfate
XNR_RS01175,Sulfate
XNR_RS01180,Sulfate
XNR_RS04275,Sulfate
XNR_RS04280,Sulfate
XNR_RS04285,Sulfate
XNR_RS05385,Sulfate
XNR_RS05395,Sulfate
XNR_RS06355,Sulfate
XNR_RS09525,Sulfate
XNR_RS23060,Sulfate
XNR_RS25150,Sulfate
XNR_RS25155,Sulfate
XNR_RS25160,Sulfate
XNR_RS25165,Sulfate
XNR_RS25170,Sulfate
XNR_RS25175,Sulfate
XNR_RS25180,Sulfate
XNR_RS25185,Sulfate
XNR_RS25190,Sulfate
XNR_RS25605,Sulfate
XNR_RS27480,Sulfate
XNR_RS27485,Sulfate
XNR_RS27700,Sulfate
XNR_RS28330,Sulfate
XNR_RS28735,Sulfate
XNR_RS28740,Sulfate
XNR_RS28745,Sulfate
XNR_RS28750,Sulfate
XNR_RS28755,Sulfate
XNR_RS28760,Sulfate
XNR_RS28765,Sulfate
XNR_RS04315,Phosphate
XNR_RS04410,Phosphate
XNR_RS05545,Phosphate
XNR_RS11195,Phosphate
XNR_RS12765,Phosphate
XNR_RS29835,Phosphate
XNR_RS13835,Phosphate
XNR_RS15415,Phosphate
XNR_RS16110,Phosphate
XNR_RS16115,Phosphate
XNR_RS16120,Phosphate
XNR_RS16125,Phosphate
XNR_RS16340,Phosphate
XNR_RS16345,Phosphate
XNR_RS19605,Phosphate
XNR_RS19610,Phosphate
XNR_RS19615,Phosphate
XNR_RS19620,Phosphate
XNR_RS19625,Phosphate
XNR_RS19630,Phosphate
XNR_RS24285,Phosphate
XNR_RS27310,Phosphate
XNR_RS27355,Phosphate
XNR_RS30570,Ribosomal
XNR_RS31030,Ribosomal
XNR_RS02350,Ribosomal
XNR_RS03025,Ribosomal
XNR_RS06425,Ribosomal
XNR_RS30445,Ribosomal
XNR_RS06825,Ribosomal
XNR_RS09645,Ribosomal
XNR_RS10460,Ribosomal
XNR_RS31170,Ribosomal
XNR_RS31175,Ribosomal
XNR_RS30600,Ribosomal
XNR_RS12390,Ribosomal
XNR_RS12865,Ribosomal
XNR_RS13285,Ribosomal
XNR_RS29830,Ribosomal
XNR_RS31225,Ribosomal
XNR_RS30830,Ribosomal
XNR_RS14770,Ribosomal
XNR_RS16605,Ribosomal
XNR_RS16980,Ribosomal
XNR_RS29990,Ribosomal
XNR_RS30860,Ribosomal
XNR_RS17905,Ribosomal
XNR_RS18545,Ribosomal
XNR_RS18600,Ribosomal
XNR_RS18825,Ribosomal
XNR_RS18960,Ribosomal
XNR_RS22030,Ribosomal
XNR_RS30630,Ribosomal
XNR_RS22780,Ribosomal
XNR_RS31415,Ribosomal
XNR_RS01020,Phospholipid
XNR_RS06475,Phospholipid
XNR_RS06480,Phospholipid
XNR_RS06485,Phospholipid
XNR_RS07395,Phospholipid
XNR_RS19055,Phospholipid
XNR_RS00390,Glycerol
XNR_RS30755,Glycerol
XNR_RS16425,Glycerol
XNR_RS16430,Glycerol
XNR_RS16435,Glycerol
XNR_RS16450,Glycerol
XNR_RS16455,Glycerol
XNR_RS18925,Glycerol
XNR_RS30350,Glycerol
XNR_RS20105,Glycerol
XNR_RS25500,Glycerol
XNR_RS25505,Glycerol
XNR_RS25610,Glycerol
XNR_RS25615,Glycerol
XNR_RS25620,Glycerol
XNR_RS25625,Glycerol
XNR_RS26420,Glycerol
XNR_RS26425,Glycerol
XNR_RS00700,RpoE
XNR_RS00920,RpoE
XNR_RS01545,RpoE
XNR_RS02770,RpoE
XNR_RS05000,RpoE
XNR_RS05005,RpoE
XNR_RS06045,RpoE
XNR_RS31535,RpoE
XNR_RS06590,RpoE
XNR_RS06660,RpoE
XNR_RS07495,RpoE
XNR_RS07730,RpoE
XNR_RS08215,RpoE
XNR_RS08220,RpoE
XNR_RS08315,RpoE
XNR_RS08935,RpoE
XNR_RS09830,RpoE
XNR_RS12680,RpoE
XNR_RS12685,RpoE
XNR_RS13035,RpoE
XNR_RS13645,RpoE
XNR_RS14360,RpoE
XNR_RS14420,RpoE
XNR_RS14825,RpoE
XNR_RS15025,RpoE
XNR_RS15675,RpoE
XNR_RS15680,RpoE
XNR_RS16465,RpoE
XNR_RS16470,RpoE
XNR_RS16475,RpoE
XNR_RS18260,RpoE
XNR_RS19960,RpoE
XNR_RS19965,RpoE
XNR_RS20100,RpoE
XNR_RS20960,RpoE
XNR_RS22210,RpoE
XNR_RS22330,RpoE
XNR_RS22690,RpoE
XNR_RS22720,RpoE
XNR_RS22725,RpoE
XNR_RS22730,RpoE
XNR_RS22920,RpoE
XNR_RS23835,RpoE
XNR_RS23840,RpoE
XNR_RS23985,RpoE
XNR_RS24510,RpoE
XNR_RS25230,RpoE
XNR_RS28975,RpoE
XNR_RS28980,RpoE
XNR_RS23000,Carbohydrate metabolism-1
XNR_RS23005,Carbohydrate metabolism-1
XNR_RS23010,Carbohydrate metabolism-1
XNR_RS23015,Carbohydrate metabolism-1
XNR_RS23020,Carbohydrate metabolism-1
XNR_RS23025,Carbohydrate metabolism-1
XNR_RS23030,Carbohydrate metabolism-1
XNR_RS08935,Phenylacetate
XNR_RS10700,Phenylacetate
XNR_RS10705,Phenylacetate
XNR_RS10710,Phenylacetate
XNR_RS10715,Phenylacetate
XNR_RS10720,Phenylacetate
XNR_RS10725,Phenylacetate
XNR_RS10730,Phenylacetate
XNR_RS10735,Phenylacetate
XNR_RS10740,Phenylacetate
XNR_RS10745,Phenylacetate
XNR_RS10750,Phenylacetate
XNR_RS15145,Phenylacetate
XNR_RS15150,Phenylacetate
XNR_RS15155,Phenylacetate
XNR_RS00205,WhiB3
XNR_RS00215,WhiB3
XNR_RS00550,WhiB3
XNR_RS00555,WhiB3
XNR_RS00625,WhiB3
XNR_RS01120,WhiB3
XNR_RS01645,WhiB3
XNR_RS02045,WhiB3
XNR_RS03355,WhiB3
XNR_RS03360,WhiB3
XNR_RS04320,WhiB3
XNR_RS04360,WhiB3
XNR_RS06800,WhiB3
XNR_RS07400,WhiB3
XNR_RS07405,WhiB3
XNR_RS07410,WhiB3
XNR_RS07750,WhiB3
XNR_RS08780,WhiB3
XNR_RS31545,WhiB3
XNR_RS08935,WhiB3
XNR_RS09255,WhiB3
XNR_RS09295,WhiB3
XNR_RS10240,WhiB3
XNR_RS10440,WhiB3
XNR_RS10570,WhiB3
XNR_RS10575,WhiB3
XNR_RS11085,WhiB3
XNR_RS11205,WhiB3
XNR_RS11755,WhiB3
XNR_RS12125,WhiB3
XNR_RS12130,WhiB3
XNR_RS12135,WhiB3
XNR_RS12170,WhiB3
XNR_RS14195,WhiB3
XNR_RS14315,WhiB3
XNR_RS14445,WhiB3
XNR_RS14785,WhiB3
XNR_RS15205,WhiB3
XNR_RS15710,WhiB3
XNR_RS15725,WhiB3
XNR_RS16320,WhiB3
XNR_RS16570,WhiB3
XNR_RS17245,WhiB3
XNR_RS17280,WhiB3
XNR_RS17360,WhiB3
XNR_RS18845,WhiB3
XNR_RS19015,WhiB3
XNR_RS19155,WhiB3
XNR_RS19400,WhiB3
XNR_RS19405,WhiB3
XNR_RS31600,WhiB3
XNR_RS21095,WhiB3
XNR_RS21100,WhiB3
XNR_RS21835,WhiB3
XNR_RS22200,WhiB3
XNR_RS22225,WhiB3
XNR_RS22230,WhiB3
XNR_RS22820,WhiB3
XNR_RS23025,WhiB3
XNR_RS23145,WhiB3
XNR_RS23480,WhiB3
XNR_RS30915,WhiB3
XNR_RS24070,WhiB3
XNR_RS24680,WhiB3
XNR_RS24685,WhiB3
XNR_RS24690,WhiB3
XNR_RS24695,WhiB3
XNR_RS24700,WhiB3
XNR_RS24705,WhiB3
XNR_RS24790,WhiB3
XNR_RS26910,WhiB3
XNR_RS26915,WhiB3
XNR_RS27025,WhiB3
XNR_RS27030,WhiB3
XNR_RS27305,WhiB3
XNR_RS27480,WhiB3
XNR_RS27665,WhiB3
XNR_RS27670,WhiB3
XNR_RS27770,WhiB3
XNR_RS27985,WhiB3
XNR_RS30195,WhiB3
XNR_RS30950,WhiB3
XNR_RS28550,WhiB3
XNR_RS28555,WhiB3
XNR_RS28560,WhiB3
XNR_RS28685,WhiB3
XNR_RS29630,Potassium
XNR_RS06755,Potassium
XNR_RS06760,Potassium
XNR_RS06765,Potassium
XNR_RS06770,Potassium
XNR_RS06775,Potassium
XNR_RS04565,Mce transporters
XNR_RS04570,Mce transporters
XNR_RS04575,Mce transporters
XNR_RS04580,Mce transporters
XNR_RS04585,Mce transporters
XNR_RS04590,Mce transporters
XNR_RS04595,Mce transporters
XNR_RS04600,Mce transporters
XNR_RS04605,Mce transporters
XNR_RS04610,Mce transporters
XNR_RS04615,Mce transporters
XNR_RS04620,Mce transporters
XNR_RS04625,Mce transporters
XNR_RS04630,Mce transporters
XNR_RS04635,Mce transporters
XNR_RS04640,Mce transporters
XNR_RS04645,Mce transporters
XNR_RS04650,Mce transporters
XNR_RS06500,Mce transporters
XNR_RS06995,Mce transporters
XNR_RS07000,Mce transporters
XNR_RS25225,Mce transporters
XNR_RS00510,Nitrogen/Ammonia/Urea
XNR_RS02415,Nitrogen/Ammonia/Urea
XNR_RS04765,Nitrogen/Ammonia/Urea
XNR_RS04770,Nitrogen/Ammonia/Urea
XNR_RS04775,Nitrogen/Ammonia/Urea
XNR_RS04780,Nitrogen/Ammonia/Urea
XNR_RS04785,Nitrogen/Ammonia/Urea
XNR_RS04790,Nitrogen/Ammonia/Urea
XNR_RS31525,Nitrogen/Ammonia/Urea
XNR_RS05075,Nitrogen/Ammonia/Urea
XNR_RS06065,Nitrogen/Ammonia/Urea
XNR_RS06070,Nitrogen/Ammonia/Urea
XNR_RS06075,Nitrogen/Ammonia/Urea
XNR_RS23065,Nitrogen/Ammonia/Urea
XNR_RS23195,Nitrogen/Ammonia/Urea
XNR_RS27620,Nitrogen/Ammonia/Urea
XNR_RS27625,Nitrogen/Ammonia/Urea
XNR_RS27630,Nitrogen/Ammonia/Urea
XNR_RS27635,Nitrogen/Ammonia/Urea
XNR_RS27640,Nitrogen/Ammonia/Urea
XNR_RS27645,Nitrogen/Ammonia/Urea
XNR_RS00170,Stress
XNR_RS00200,Stress
XNR_RS01115,Stress
XNR_RS01595,Stress
XNR_RS01600,Stress
XNR_RS29540,Stress
XNR_RS30720,Stress
XNR_RS01640,Stress
XNR_RS02080,Stress
XNR_RS03325,Stress
XNR_RS03355,Stress
XNR_RS04105,Stress
XNR_RS04360,Stress
XNR_RS04465,Stress
XNR_RS04470,Stress
XNR_RS04485,Stress
XNR_RS04490,Stress
XNR_RS04495,Stress
XNR_RS04500,Stress
XNR_RS04530,Stress
XNR_RS04535,Stress
XNR_RS06800,Stress
XNR_RS07020,Stress
XNR_RS07605,Stress
XNR_RS07950,Stress
XNR_RS10440,Stress
XNR_RS10455,Stress
XNR_RS10460,Stress
XNR_RS31165,Stress
XNR_RS12145,Stress
XNR_RS12150,Stress
XNR_RS12155,Stress
XNR_RS12160,Stress
XNR_RS12970,Stress
XNR_RS13030,Stress
XNR_RS13985,Stress
XNR_RS14240,Stress
XNR_RS14785,Stress
XNR_RS15390,Stress
XNR_RS15400,Stress
XNR_RS15405,Stress
XNR_RS17245,Stress
XNR_RS17280,Stress
XNR_RS30870,Stress
XNR_RS19015,Stress
XNR_RS19035,Stress
XNR_RS19040,Stress
XNR_RS19215,Stress
XNR_RS19855,Stress
XNR_RS20065,Stress
XNR_RS20070,Stress
XNR_RS20075,Stress
XNR_RS20675,Stress
XNR_RS20885,Stress
XNR_RS21940,Stress
XNR_RS22200,Stress
XNR_RS22215,Stress
XNR_RS22220,Stress
XNR_RS22225,Stress
XNR_RS22230,Stress
XNR_RS22235,Stress
XNR_RS22245,Stress
XNR_RS22250,Stress
XNR_RS22255,Stress
XNR_RS22260,Stress
XNR_RS22265,Stress
XNR_RS22585,Stress
XNR_RS23140,Stress
XNR_RS23145,Stress
XNR_RS23265,Stress
XNR_RS24285,Stress
XNR_RS24790,Stress
XNR_RS24850,Stress
XNR_RS24855,Stress
XNR_RS25220,Stress
XNR_RS25450,Stress
XNR_RS25610,Stress
XNR_RS25620,Stress
XNR_RS25910,Stress
XNR_RS26025,Stress
XNR_RS27100,Stress
XNR_RS27290,Stress
XNR_RS27725,Stress
XNR_RS31030,Cyclofaulknamycin-2
XNR_RS04820,Cyclofaulknamycin-2
XNR_RS04825,Cyclofaulknamycin-2
XNR_RS04830,Cyclofaulknamycin-2
XNR_RS04835,Cyclofaulknamycin-2
XNR_RS04840,Cyclofaulknamycin-2
XNR_RS04855,Cyclofaulknamycin-2
XNR_RS04860,Cyclofaulknamycin-2
XNR_RS04870,Cyclofaulknamycin-2
XNR_RS04875,Cyclofaulknamycin-2
XNR_RS04880,Cyclofaulknamycin-2
XNR_RS04885,Cyclofaulknamycin-2
XNR_RS04890,Cyclofaulknamycin-2
XNR_RS04895,Cyclofaulknamycin-2
XNR_RS04900,Cyclofaulknamycin-2
XNR_RS04905,Cyclofaulknamycin-2
XNR_RS04910,Cyclofaulknamycin-2
XNR_RS04915,Cyclofaulknamycin-2
XNR_RS04920,Cyclofaulknamycin-2
XNR_RS27480,Cyclofaulknamycin-2
XNR_RS04155,Cytochrome
XNR_RS04160,Cytochrome
XNR_RS04165,Cytochrome
XNR_RS04175,Cytochrome
XNR_RS04180,Cytochrome
XNR_RS01200,Transketolase
XNR_RS01205,Transketolase
XNR_RS08255,Transketolase
XNR_RS11985,Transketolase
XNR_RS13135,Transketolase
XNR_RS13150,Transketolase
XNR_RS15280,Transketolase
XNR_RS19650,Transketolase
XNR_RS22545,Transketolase
XNR_RS24845,Transketolase
XNR_RS24850,Transketolase
XNR_RS24855,Transketolase
XNR_RS24860,Transketolase
XNR_RS24865,Transketolase
XNR_RS27915,Transketolase
XNR_RS27920,Transketolase
XNR_RS01575,Carbohydrate metabolism-2
XNR_RS01580,Carbohydrate metabolism-2
XNR_RS01585,Carbohydrate metabolism-2
XNR_RS01880,Carbohydrate metabolism-2
XNR_RS01885,Carbohydrate metabolism-2
XNR_RS01890,Carbohydrate metabolism-2
XNR_RS01895,Carbohydrate metabolism-2
XNR_RS01900,Carbohydrate metabolism-2
XNR_RS01905,Carbohydrate metabolism-2
XNR_RS01910,Carbohydrate metabolism-2
XNR_RS01915,Carbohydrate metabolism-2
XNR_RS01920,Carbohydrate metabolism-2
XNR_RS01925,Carbohydrate metabolism-2
XNR_RS01930,Carbohydrate metabolism-2
XNR_RS01935,Carbohydrate metabolism-2
XNR_RS01940,Carbohydrate metabolism-2
XNR_RS01945,Carbohydrate metabolism-2
XNR_RS04430,Carbohydrate metabolism-2
XNR_RS04435,Carbohydrate metabolism-2
XNR_RS04440,Carbohydrate metabolism-2
XNR_RS04445,Carbohydrate metabolism-2
XNR_RS04450,Carbohydrate metabolism-2
XNR_RS04455,Carbohydrate metabolism-2
XNR_RS16280,Carbohydrate metabolism-2
XNR_RS28360,Carbohydrate metabolism-2
XNR_RS00130,Fructose
XNR_RS00135,Fructose
XNR_RS00140,Fructose
XNR_RS00145,Fructose
XNR_RS00150,Fructose
XNR_RS00060,BGC-1 related
XNR_RS00065,BGC-1 related
XNR_RS00075,BGC-1 related
XNR_RS00080,BGC-1 related
XNR_RS00085,BGC-1 related
XNR_RS00090,BGC-1 related
XNR_RS31480,BGC-1 related
XNR_RS00100,BGC-1 related
XNR_RS31485,BGC-1 related
XNR_RS00110,BGC-1 related
XNR_RS31490,BGC-1 related
XNR_RS00630,BGC-1 related
XNR_RS04135,BGC-1 related
XNR_RS29315,BGC-1 related
XNR_RS29320,BGC-1 related
XNR_RS30550,BGC-1 related
XNR_RS29330,BGC-1 related
XNR_RS29385,BGC-1 related
XNR_RS10865,UC-6
XNR_RS10870,UC-6
XNR_RS31180,UC-6
XNR_RS31185,UC-6
XNR_RS24405,zwf
XNR_RS24415,zwf
XNR_RS00540,UC-7
XNR_RS01040,UC-7
XNR_RS01485,UC-7
XNR_RS01495,UC-7
XNR_RS03100,UC-7
XNR_RS03305,UC-7
XNR_RS03310,UC-7
XNR_RS03450,UC-7
XNR_RS03785,UC-7
XNR_RS31530,UC-7
XNR_RS06050,UC-7
XNR_RS06385,UC-7
XNR_RS30750,UC-7
XNR_RS07075,UC-7
XNR_RS07345,UC-7
XNR_RS07665,UC-7
XNR_RS07870,UC-7
XNR_RS08505,UC-7
XNR_RS09445,UC-7
XNR_RS09480,UC-7
XNR_RS09990,UC-7
XNR_RS10845,UC-7
XNR_RS13185,UC-7
XNR_RS13805,UC-7
XNR_RS14360,UC-7
XNR_RS14365,UC-7
XNR_RS14370,UC-7
XNR_RS15560,UC-7
XNR_RS15900,UC-7
XNR_RS16015,UC-7
XNR_RS16030,UC-7
XNR_RS16090,UC-7
XNR_RS17850,UC-7
XNR_RS30870,UC-7
XNR_RS18195,UC-7
XNR_RS18735,UC-7
XNR_RS18925,UC-7
XNR_RS30690,UC-7
XNR_RS19940,UC-7
XNR_RS21035,UC-7
XNR_RS21065,UC-7
XNR_RS21205,UC-7
XNR_RS22125,UC-7
XNR_RS22295,UC-7
XNR_RS22370,UC-7
XNR_RS22675,UC-7
XNR_RS22715,UC-7
XNR_RS23630,UC-7
XNR_RS24100,UC-7
XNR_RS24850,UC-7
XNR_RS24855,UC-7
XNR_RS24980,UC-7
XNR_RS25310,UC-7
XNR_RS26790,UC-7
XNR_RS27010,UC-7
XNR_RS27140,UC-7
XNR_RS01240,NRPS BGC-14 related
XNR_RS01245,NRPS BGC-14 related
XNR_RS01250,NRPS BGC-14 related
XNR_RS01815,NRPS BGC-14 related
XNR_RS02400,NRPS BGC-14 related
XNR_RS06215,NRPS BGC-14 related
XNR_RS06415,NRPS BGC-14 related
XNR_RS10680,NRPS BGC-14 related
XNR_RS10690,NRPS BGC-14 related
XNR_RS10760,NRPS BGC-14 related
XNR_RS14410,NRPS BGC-14 related
XNR_RS15575,NRPS BGC-14 related
XNR_RS15580,NRPS BGC-14 related
XNR_RS15585,NRPS BGC-14 related
XNR_RS15590,NRPS BGC-14 related
XNR_RS23175,NRPS BGC-14 related
XNR_RS30915,NRPS BGC-14 related
XNR_RS24090,NRPS BGC-14 related
XNR_RS24095,NRPS BGC-14 related
XNR_RS24405,NRPS BGC-14 related
XNR_RS24870,NRPS BGC-14 related
XNR_RS25535,NRPS BGC-14 related
XNR_RS31640,NRPS BGC-14 related
XNR_RS31645,NRPS BGC-14 related
XNR_RS27290,NRPS BGC-14 related
XNR_RS27605,NRPS BGC-14 related
XNR_RS27665,NRPS BGC-14 related
XNR_RS28870,NRPS BGC-14 related
XNR_RS29370,NRPS BGC-14 related
XNR_RS30720,Paulomycin-2
XNR_RS02820,Paulomycin-2
XNR_RS02825,Paulomycin-2
XNR_RS02830,Paulomycin-2
XNR_RS02835,Paulomycin-2
XNR_RS30670,Paulomycin-2
XNR_RS02840,Paulomycin-2
XNR_RS02845,Paulomycin-2
XNR_RS02850,Paulomycin-2
XNR_RS02855,Paulomycin-2
XNR_RS02860,Paulomycin-2
XNR_RS02865,Paulomycin-2
XNR_RS02870,Paulomycin-2
XNR_RS02875,Paulomycin-2
XNR_RS02890,Paulomycin-2
XNR_RS02895,Paulomycin-2
XNR_RS02905,Paulomycin-2
XNR_RS02910,Paulomycin-2
XNR_RS02915,Paulomycin-2
XNR_RS02920,Paulomycin-2
XNR_RS02935,Paulomycin-2
XNR_RS02940,Paulomycin-2
XNR_RS02945,Paulomycin-2
XNR_RS02950,Paulomycin-2
XNR_RS02955,Paulomycin-2
XNR_RS02960,Paulomycin-2
XNR_RS02965,Paulomycin-2
XNR_RS02970,Paulomycin-2
XNR_RS02975,Paulomycin-2
XNR_RS02980,Paulomycin-2
XNR_RS02990,Paulomycin-2
XNR_RS02995,Paulomycin-2
XNR_RS03000,Paulomycin-2
XNR_RS03005,Paulomycin-2
XNR_RS03010,Paulomycin-2
XNR_RS25020,Paulomycin-2
XNR_RS17100,Surugamide F
XNR_RS17105,Surugamide F
XNR_RS12475,Minimycin/dudomycin
XNR_RS12480,Minimycin/dudomycin
XNR_RS12485,Minimycin/dudomycin
XNR_RS12490,Minimycin/dudomycin
XNR_RS12495,Minimycin/dudomycin
XNR_RS12500,Minimycin/dudomycin
XNR_RS12505,Minimycin/dudomycin
XNR_RS30800,Minimycin/dudomycin
XNR_RS12515,Minimycin/dudomycin
XNR_RS12520,Minimycin/dudomycin
XNR_RS19550,Minimycin/dudomycin
XNR_RS19555,Minimycin/dudomycin
XNR_RS19560,Minimycin/dudomycin
XNR_RS19565,Minimycin/dudomycin
XNR_RS19570,Minimycin/dudomycin
XNR_RS19575,Minimycin/dudomycin
XNR_RS19580,Minimycin/dudomycin
XNR_RS19585,Minimycin/dudomycin
XNR_RS20695,Minimycin/dudomycin
XNR_RS21950,Minimycin/dudomycin
XNR_RS21955,Minimycin/dudomycin
XNR_RS21960,Minimycin/dudomycin
XNR_RS21965,Minimycin/dudomycin
XNR_RS21970,Minimycin/dudomycin
XNR_RS21975,Minimycin/dudomycin
XNR_RS21980,Minimycin/dudomycin
XNR_RS21985,Minimycin/dudomycin
XNR_RS21990,Minimycin/dudomycin
XNR_RS22000,Minimycin/dudomycin
XNR_RS22005,Minimycin/dudomycin
XNR_RS22010,Minimycin/dudomycin
XNR_RS22195,Minimycin/dudomycin
XNR_RS27935,Minimycin/dudomycin
XNR_RS27940,Minimycin/dudomycin
XNR_RS27945,Minimycin/dudomycin
XNR_RS03385,SigK
XNR_RS03390,SigK
XNR_RS03400,SigK
XNR_RS12885,SigK
XNR_RS12890,SigK
XNR_RS12895,SigK
XNR_RS12900,SigK
XNR_RS12905,SigK
XNR_RS12910,SigK
XNR_RS12915,SigK
XNR_RS25800,SigK
XNR_RS25805,SigK
XNR_RS25810,SigK
XNR_RS25815,SigK
XNR_RS00725,Mms
XNR_RS00730,Mms
XNR_RS00735,Mms
XNR_RS00740,Mms
XNR_RS00745,Mms
XNR_RS04360,Mms
XNR_RS04365,Mms
XNR_RS01125,NDH
XNR_RS01485,NDH
XNR_RS01525,NDH
XNR_RS01530,NDH
XNR_RS02555,NDH
XNR_RS02775,NDH
XNR_RS03185,NDH
XNR_RS03810,NDH
XNR_RS03815,NDH
XNR_RS04360,NDH
XNR_RS04365,NDH
XNR_RS04775,NDH
XNR_RS07065,NDH
XNR_RS07070,NDH
XNR_RS07395,NDH
XNR_RS07910,NDH
XNR_RS08285,NDH
XNR_RS08935,NDH
XNR_RS10045,NDH
XNR_RS10440,NDH
XNR_RS30785,NDH
XNR_RS12385,NDH
XNR_RS14465,NDH
XNR_RS14555,NDH
XNR_RS14560,NDH
XNR_RS14565,NDH
XNR_RS15665,NDH
XNR_RS17650,NDH
XNR_RS17655,NDH
XNR_RS30860,NDH
XNR_RS17980,NDH
XNR_RS17985,NDH
XNR_RS17990,NDH
XNR_RS17995,NDH
XNR_RS18000,NDH
XNR_RS18005,NDH
XNR_RS18010,NDH
XNR_RS18015,NDH
XNR_RS18020,NDH
XNR_RS18025,NDH
XNR_RS18030,NDH
XNR_RS18035,NDH
XNR_RS18040,NDH
XNR_RS18045,NDH
XNR_RS19960,NDH
XNR_RS20405,NDH
XNR_RS20410,NDH
XNR_RS20495,NDH
XNR_RS21265,NDH
XNR_RS22725,NDH
XNR_RS23395,NDH
XNR_RS23400,NDH
XNR_RS23405,NDH
XNR_RS23420,NDH
XNR_RS23425,NDH
XNR_RS23430,NDH
XNR_RS23435,NDH
XNR_RS24420,NDH
XNR_RS24435,NDH
XNR_RS24755,NDH
XNR_RS25020,NDH
XNR_RS25910,NDH
XNR_RS27385,NDH
XNR_RS27460,NDH
XNR_RS27735,NDH
XNR_RS30945,NDH
XNR_RS28265,NDH
XNR_RS28925,NDH
XNR_RS11565,SAL-2242
XNR_RS11570,SAL-2242
XNR_RS11575,SAL-2242
XNR_RS11580,SAL-2242
XNR_RS27480,SAL-2242
XNR_RS00950,araBAD
XNR_RS03905,araBAD
XNR_RS04740,araBAD
XNR_RS14540,araBAD
XNR_RS16425,araBAD
XNR_RS16430,araBAD
XNR_RS16435,araBAD
XNR_RS16445,araBAD
XNR_RS16450,araBAD
XNR_RS16455,araBAD
XNR_RS18130,araBAD
XNR_RS18685,araBAD
XNR_RS20105,araBAD
XNR_RS20490,araBAD
XNR_RS22035,araBAD
XNR_RS27830,araBAD
XNR_RS30700,araBAD
XNR_RS10045,LAP/Thiopeptide BGC-11
XNR_RS10050,LAP/Thiopeptide BGC-11
XNR_RS10055,LAP/Thiopeptide BGC-11
XNR_RS10060,LAP/Thiopeptide BGC-11
XNR_RS10065,LAP/Thiopeptide BGC-11
XNR_RS10070,LAP/Thiopeptide BGC-11
XNR_RS10075,LAP/Thiopeptide BGC-11
XNR_RS10080,LAP/Thiopeptide BGC-11
XNR_RS10085,LAP/Thiopeptide BGC-11
XNR_RS10090,LAP/Thiopeptide BGC-11
XNR_RS10095,LAP/Thiopeptide BGC-11
XNR_RS10100,LAP/Thiopeptide BGC-11
XNR_RS10105,LAP/Thiopeptide BGC-11
XNR_RS10110,LAP/Thiopeptide BGC-11
XNR_RS00175,Cell membrane
XNR_RS00645,Cell membrane
XNR_RS00990,Cell membrane
XNR_RS00995,Cell membrane
XNR_RS01000,Cell membrane
XNR_RS02185,Cell membrane
XNR_RS02350,Cell membrane
XNR_RS02465,Cell membrane
XNR_RS02470,Cell membrane
XNR_RS02475,Cell membrane
XNR_RS03220,Cell membrane
XNR_RS03570,Cell membrane
XNR_RS03800,Cell membrane
XNR_RS04060,Cell membrane
XNR_RS04395,Cell membrane
XNR_RS04400,Cell membrane
XNR_RS05165,Cell membrane
XNR_RS05300,Cell membrane
XNR_RS05440,Cell membrane
XNR_RS05900,Cell membrane
XNR_RS05905,Cell membrane
XNR_RS06095,Cell membrane
XNR_RS06430,Cell membrane
XNR_RS06830,Cell membrane
XNR_RS07490,Cell membrane
XNR_RS08290,Cell membrane
XNR_RS09275,Cell membrane
XNR_RS09280,Cell membrane
XNR_RS31555,Cell membrane
XNR_RS09290,Cell membrane
XNR_RS09295,Cell membrane
XNR_RS09300,Cell membrane
XNR_RS10670,Cell membrane
XNR_RS10675,Cell membrane
XNR_RS10685,Cell membrane
XNR_RS10690,Cell membrane
XNR_RS10695,Cell membrane
XNR_RS10755,Cell membrane
XNR_RS10760,Cell membrane
XNR_RS10785,Cell membrane
XNR_RS10800,Cell membrane
XNR_RS10975,Cell membrane
XNR_RS30785,Cell membrane
XNR_RS11210,Cell membrane
XNR_RS11295,Cell membrane
XNR_RS11300,Cell membrane
XNR_RS11305,Cell membrane
XNR_RS11865,Cell membrane
XNR_RS11870,Cell membrane
XNR_RS12145,Cell membrane
XNR_RS12450,Cell membrane
XNR_RS12670,Cell membrane
XNR_RS12675,Cell membrane
XNR_RS12690,Cell membrane
XNR_RS12825,Cell membrane
XNR_RS13110,Cell membrane
XNR_RS13465,Cell membrane
XNR_RS13475,Cell membrane
XNR_RS13555,Cell membrane
XNR_RS13990,Cell membrane
XNR_RS14020,Cell membrane
XNR_RS14385,Cell membrane
XNR_RS15185,Cell membrane
XNR_RS15940,Cell membrane
XNR_RS16295,Cell membrane
XNR_RS16920,Cell membrane
XNR_RS17340,Cell membrane
XNR_RS19160,Cell membrane
XNR_RS19305,Cell membrane
XNR_RS19770,Cell membrane
XNR_RS21830,Cell membrane
XNR_RS21835,Cell membrane
XNR_RS21900,Cell membrane
XNR_RS23175,Cell membrane
XNR_RS23500,Cell membrane
XNR_RS30915,Cell membrane
XNR_RS23985,Cell membrane
XNR_RS24110,Cell membrane
XNR_RS24405,Cell membrane
XNR_RS24590,Cell membrane
XNR_RS24870,Cell membrane
XNR_RS25095,Cell membrane
XNR_RS25960,Cell membrane
XNR_RS26675,Cell membrane
XNR_RS26755,Cell membrane
XNR_RS27590,Cell membrane
XNR_RS27600,Cell membrane
XNR_RS28055,Cell membrane
XNR_RS30945,Cell membrane
XNR_RS28355,Cell membrane
XNR_RS28785,Cell membrane
XNR_RS28790,Cell membrane
XNR_RS29010,Candicidin/antimycin
XNR_RS29015,Candicidin/antimycin
XNR_RS29020,Candicidin/antimycin
XNR_RS29025,Candicidin/antimycin
XNR_RS29030,Candicidin/antimycin
XNR_RS31435,Candicidin/antimycin
XNR_RS29040,Candicidin/antimycin
XNR_RS29045,Candicidin/antimycin
XNR_RS29050,Candicidin/antimycin
XNR_RS29055,Candicidin/antimycin
XNR_RS29060,Candicidin/antimycin
XNR_RS29065,Candicidin/antimycin
XNR_RS29070,Candicidin/antimycin
XNR_RS29075,Candicidin/antimycin
XNR_RS29080,Candicidin/antimycin
XNR_RS29100,Candicidin/antimycin
XNR_RS29105,Candicidin/antimycin
XNR_RS30540,Candicidin/antimycin
XNR_RS30545,Candicidin/antimycin
XNR_RS29155,Candicidin/antimycin
XNR_RS29160,Candicidin/antimycin
XNR_RS29165,Candicidin/antimycin
XNR_RS29170,Candicidin/antimycin
XNR_RS29175,Candicidin/antimycin
XNR_RS29180,Candicidin/antimycin
XNR_RS29185,Candicidin/antimycin
XNR_RS29190,Candicidin/antimycin
XNR_RS29195,Candicidin/antimycin
XNR_RS29200,Candicidin/antimycin
XNR_RS29205,Candicidin/antimycin
XNR_RS29210,Candicidin/antimycin
XNR_RS29215,Candicidin/antimycin
XNR_RS00030,DNA damage
XNR_RS00530,DNA damage
XNR_RS02195,DNA damage
XNR_RS02290,DNA damage
XNR_RS02375,DNA damage
XNR_RS03100,DNA damage
XNR_RS03105,DNA damage
XNR_RS03595,DNA damage
XNR_RS04525,DNA damage
XNR_RS04530,DNA damage
XNR_RS04725,DNA damage
XNR_RS05400,DNA damage
XNR_RS05405,DNA damage
XNR_RS05455,DNA damage
XNR_RS05820,DNA damage
XNR_RS06370,DNA damage
XNR_RS06500,DNA damage
XNR_RS06625,DNA damage
XNR_RS07055,DNA damage
XNR_RS07060,DNA damage
XNR_RS07695,DNA damage
XNR_RS08500,DNA damage
XNR_RS08510,DNA damage
XNR_RS08515,DNA damage
XNR_RS08520,DNA damage
XNR_RS09360,DNA damage
XNR_RS10520,DNA damage
XNR_RS10525,DNA damage
XNR_RS10530,DNA damage
XNR_RS10535,DNA damage
XNR_RS11080,DNA damage
XNR_RS30785,DNA damage
XNR_RS11815,DNA damage
XNR_RS12620,DNA damage
XNR_RS12650,DNA damage
XNR_RS12730,DNA damage
XNR_RS13840,DNA damage
XNR_RS13990,DNA damage
XNR_RS14365,DNA damage
XNR_RS14370,DNA damage
XNR_RS31580,DNA damage
XNR_RS15340,DNA damage
XNR_RS15970,DNA damage
XNR_RS16050,DNA damage
XNR_RS16060,DNA damage
XNR_RS16885,DNA damage
XNR_RS17325,DNA damage
XNR_RS19120,DNA damage
XNR_RS19125,DNA damage
XNR_RS19130,DNA damage
XNR_RS19135,DNA damage
XNR_RS19140,DNA damage
XNR_RS20505,DNA damage
XNR_RS30890,DNA damage
XNR_RS22205,DNA damage
XNR_RS22575,DNA damage
XNR_RS23085,DNA damage
XNR_RS24280,DNA damage
XNR_RS24295,DNA damage
XNR_RS25215,DNA damage
XNR_RS27095,DNA damage
XNR_RS27250,DNA damage
XNR_RS27255,DNA damage
XNR_RS27440,DNA damage
XNR_RS31665,DNA damage
XNR_RS31500,SigE
XNR_RS01710,SigE
XNR_RS01825,SigE
XNR_RS02110,SigE
XNR_RS02970,SigE
XNR_RS03745,SigE
XNR_RS05030,SigE
XNR_RS05215,SigE
XNR_RS05285,SigE
XNR_RS05290,SigE
XNR_RS06240,SigE
XNR_RS06720,SigE
XNR_RS06845,SigE
XNR_RS07985,SigE
XNR_RS08450,SigE
XNR_RS09585,SigE
XNR_RS10340,SigE
XNR_RS11105,SigE
XNR_RS11745,SigE
XNR_RS12010,SigE
XNR_RS12295,SigE
XNR_RS12860,SigE
XNR_RS13725,SigE
XNR_RS13785,SigE
XNR_RS14825,SigE
XNR_RS15605,SigE
XNR_RS16870,SigE
XNR_RS16935,SigE
XNR_RS17160,SigE
XNR_RS17780,SigE
XNR_RS18880,SigE
XNR_RS30040,SigE
XNR_RS18895,SigE
XNR_RS19000,SigE
XNR_RS19515,SigE
XNR_RS19675,SigE
XNR_RS19780,SigE
XNR_RS19800,SigE
XNR_RS20960,SigE
XNR_RS21440,SigE
XNR_RS22905,SigE
XNR_RS24300,SigE
XNR_RS25145,SigE
XNR_RS27845,SigE
XNR_RS28925,SigE
XNR_RS00925,Glycosyltransferase
XNR_RS04820,Glycosyltransferase
XNR_RS04825,Glycosyltransferase
XNR_RS04830,Glycosyltransferase
XNR_RS04845,Glycosyltransferase
XNR_RS04850,Glycosyltransferase
XNR_RS12990,Glycosyltransferase
XNR_RS15570,Glycosyltransferase
XNR_RS18200,Glycosyltransferase
XNR_RS18205,Glycosyltransferase
XNR_RS18710,Glycosyltransferase
XNR_RS22395,Glycosyltransferase
XNR_RS22400,Glycosyltransferase
XNR_RS22505,Glycosyltransferase
XNR_RS00035,Lipid metabolism
XNR_RS00040,Lipid metabolism
XNR_RS00045,Lipid metabolism
XNR_RS00050,Lipid metabolism
XNR_RS00630,Lipid metabolism
XNR_RS03185,Lipid metabolism
XNR_RS03705,Lipid metabolism
XNR_RS04135,Lipid metabolism
XNR_RS04380,Lipid metabolism
XNR_RS04690,Lipid metabolism
XNR_RS04695,Lipid metabolism
XNR_RS06240,Lipid metabolism
XNR_RS06410,Lipid metabolism
XNR_RS30755,Lipid metabolism
XNR_RS07830,Lipid metabolism
XNR_RS08595,Lipid metabolism
XNR_RS09200,Lipid metabolism
XNR_RS09690,Lipid metabolism
XNR_RS09695,Lipid metabolism
XNR_RS09755,Lipid metabolism
XNR_RS10055,Lipid metabolism
XNR_RS10465,Lipid metabolism
XNR_RS10470,Lipid metabolism
XNR_RS10475,Lipid metabolism
XNR_RS11270,Lipid metabolism
XNR_RS11280,Lipid metabolism
XNR_RS11285,Lipid metabolism
XNR_RS11290,Lipid metabolism
XNR_RS11295,Lipid metabolism
XNR_RS11300,Lipid metabolism
XNR_RS11305,Lipid metabolism
XNR_RS12210,Lipid metabolism
XNR_RS12345,Lipid metabolism
XNR_RS12350,Lipid metabolism
XNR_RS12875,Lipid metabolism
XNR_RS12880,Lipid metabolism
XNR_RS13195,Lipid metabolism
XNR_RS13800,Lipid metabolism
XNR_RS13815,Lipid metabolism
XNR_RS13820,Lipid metabolism
XNR_RS15300,Lipid metabolism
XNR_RS16200,Lipid metabolism
XNR_RS30845,Lipid metabolism
XNR_RS16580,Lipid metabolism
XNR_RS17380,Lipid metabolism
XNR_RS17405,Lipid metabolism
XNR_RS17410,Lipid metabolism
XNR_RS17720,Lipid metabolism
XNR_RS17725,Lipid metabolism
XNR_RS20760,Lipid metabolism
XNR_RS20765,Lipid metabolism
XNR_RS21835,Lipid metabolism
XNR_RS22300,Lipid metabolism
XNR_RS22305,Lipid metabolism
XNR_RS23045,Lipid metabolism
XNR_RS23050,Lipid metabolism
XNR_RS30130,Lipid metabolism
XNR_RS23670,Lipid metabolism
XNR_RS23675,Lipid metabolism
XNR_RS24640,Lipid metabolism
XNR_RS24730,Lipid metabolism
XNR_RS25400,Lipid metabolism
XNR_RS26010,Lipid metabolism
XNR_RS26040,Lipid metabolism
XNR_RS26595,Lipid metabolism
XNR_RS26650,Lipid metabolism
XNR_RS26655,Lipid metabolism
XNR_RS26660,Lipid metabolism
XNR_RS26665,Lipid metabolism
XNR_RS26710,Lipid metabolism
XNR_RS28390,Lipid metabolism
XNR_RS28405,Lipid metabolism
XNR_RS28415,Lipid metabolism
XNR_RS28930,Lipid metabolism
XNR_RS28935,Lipid metabolism
XNR_RS28940,Lipid metabolism
XNR_RS28945,Lipid metabolism
XNR_RS28950,Lipid metabolism
XNR_RS28955,Lipid metabolism
XNR_RS04820,Large genome deletion
XNR_RS04825,Large genome deletion
XNR_RS04830,Large genome deletion
XNR_RS28055,Large genome deletion
XNR_RS28290,Large genome deletion
XNR_RS28295,Large genome deletion
XNR_RS28300,Large genome deletion
XNR_RS28305,Large genome deletion
XNR_RS28310,Large genome deletion
XNR_RS28315,Large genome deletion
XNR_RS28320,Large genome deletion
XNR_RS28325,Large genome deletion
XNR_RS28330,Large genome deletion
XNR_RS28335,Large genome deletion
XNR_RS28340,Large genome deletion
XNR_RS28345,Large genome deletion
XNR_RS28350,Large genome deletion
XNR_RS28355,Large genome deletion
XNR_RS28370,Large genome deletion
XNR_RS28375,Large genome deletion
XNR_RS28380,Large genome deletion
XNR_RS28425,Large genome deletion
XNR_RS28435,Large genome deletion
XNR_RS28440,Large genome deletion
XNR_RS28445,Large genome deletion
XNR_RS28450,Large genome deletion
XNR_RS28480,Large genome deletion
XNR_RS28485,Large genome deletion
XNR_RS28490,Large genome deletion
XNR_RS28500,Large genome deletion
XNR_RS28505,Large genome deletion
XNR_RS28510,Large genome deletion
XNR_RS28515,Large genome deletion
XNR_RS28525,Large genome deletion
XNR_RS28565,Large genome deletion
XNR_RS28570,Large genome deletion
XNR_RS28575,Large genome deletion
XNR_RS28590,Large genome deletion
XNR_RS28650,Large genome deletion
XNR_RS28660,Large genome deletion
XNR_RS28665,Large genome deletion
XNR_RS28670,Large genome deletion
XNR_RS28675,Large genome deletion
XNR_RS28680,Large genome deletion
XNR_RS28695,Large genome deletion
XNR_RS28720,Large genome deletion
XNR_RS28725,Large genome deletion
XNR_RS28730,Large genome deletion
XNR_RS28735,Large genome deletion
XNR_RS28740,Large genome deletion
XNR_RS28745,Large genome deletion
XNR_RS28750,Large genome deletion
XNR_RS28755,Large genome deletion
XNR_RS28760,Large genome deletion
XNR_RS28765,Large genome deletion
XNR_RS28770,Large genome deletion
XNR_RS28775,Large genome deletion
XNR_RS28780,Large genome deletion
XNR_RS28815,Large genome deletion
XNR_RS28820,Large genome deletion
XNR_RS28825,Large genome deletion
XNR_RS28830,Large genome deletion
XNR_RS28835,Large genome deletion
XNR_RS28840,Large genome deletion
XNR_RS28845,Large genome deletion
XNR_RS28850,Large genome deletion
XNR_RS28855,Large genome deletion
XNR_RS28860,Large genome deletion
XNR_RS28865,Large genome deletion
XNR_RS28870,Large genome deletion
XNR_RS28875,Large genome deletion
XNR_RS28880,Large genome deletion
XNR_RS28890,Large genome deletion
XNR_RS28895,Large genome deletion
XNR_RS28900,Large genome deletion
XNR_RS28960,Large genome deletion
XNR_RS28965,Large genome deletion
XNR_RS28975,Large genome deletion
XNR_RS28980,Large genome deletion
XNR_RS28985,Large genome deletion
XNR_RS28990,Large genome deletion
XNR_RS31670,Large genome deletion
XNR_RS29095,Large genome deletion
XNR_RS29110,Large genome deletion
XNR_RS29115,Large genome deletion
XNR_RS29120,Large genome deletion
XNR_RS29125,Large genome deletion
XNR_RS29130,Large genome deletion
XNR_RS29135,Large genome deletion
XNR_RS29140,Large genome deletion
XNR_RS29225,Large genome deletion
XNR_RS29230,Large genome deletion
XNR_RS29240,Large genome deletion
XNR_RS29245,Large genome deletion
XNR_RS30980,Large genome deletion
XNR_RS29300,Large genome deletion
XNR_RS29305,Large genome deletion
XNR_RS29315,Large genome deletion
XNR_RS00955,SGR PTMs
XNR_RS00960,SGR PTMs
XNR_RS00965,SGR PTMs
XNR_RS00970,SGR PTMs
XNR_RS00975,SGR PTMs
XNR_RS00980,SGR PTMs
XNR_RS00985,SGR PTMs
XNR_RS00990,SGR PTMs
XNR_RS00995,SGR PTMs
XNR_RS01000,SGR PTMs
XNR_RS01005,SGR PTMs
XNR_RS01010,SGR PTMs
XNR_RS01015,SGR PTMs
XNR_RS01020,SGR PTMs
XNR_RS30130,SGR PTMs
XNR_RS02215,Iron acquisition
XNR_RS02220,Iron acquisition
XNR_RS02225,Iron acquisition
XNR_RS02230,Iron acquisition
XNR_RS02575,Iron acquisition
XNR_RS02585,Iron acquisition
XNR_RS02590,Iron acquisition
XNR_RS02595,Iron acquisition
XNR_RS03270,Iron acquisition
XNR_RS30675,Iron acquisition
XNR_RS04200,Iron acquisition
XNR_RS04205,Iron acquisition
XNR_RS04210,Iron acquisition
XNR_RS04215,Iron acquisition
XNR_RS11055,Iron acquisition
XNR_RS11060,Iron acquisition
XNR_RS11065,Iron acquisition
XNR_RS11600,Iron acquisition
XNR_RS31265,Iron acquisition
XNR_RS15660,Iron acquisition
XNR_RS20720,Iron acquisition
XNR_RS20725,Iron acquisition
XNR_RS20730,Iron acquisition
XNR_RS20735,Iron acquisition
XNR_RS20740,Iron acquisition
XNR_RS21790,Iron acquisition
XNR_RS22840,Iron acquisition
XNR_RS22845,Iron acquisition
XNR_RS22850,Iron acquisition
XNR_RS22855,Iron acquisition
XNR_RS22860,Iron acquisition
XNR_RS23595,Iron acquisition
XNR_RS24030,Iron acquisition
XNR_RS25820,Iron acquisition
XNR_RS01120,RpoS
XNR_RS01855,RpoS
XNR_RS01860,RpoS
XNR_RS02020,RpoS
XNR_RS02025,RpoS
XNR_RS02100,RpoS
XNR_RS04290,RpoS
XNR_RS04295,RpoS
XNR_RS05490,RpoS
XNR_RS08560,RpoS
XNR_RS08805,RpoS
XNR_RS10420,RpoS
XNR_RS11655,RpoS
XNR_RS11660,RpoS
XNR_RS11750,RpoS
XNR_RS12050,RpoS
XNR_RS12175,RpoS
XNR_RS12220,RpoS
XNR_RS12400,RpoS
XNR_RS12405,RpoS
XNR_RS12840,RpoS
XNR_RS12855,RpoS
XNR_RS13045,RpoS
XNR_RS13065,RpoS
XNR_RS13830,RpoS
XNR_RS13975,RpoS
XNR_RS15015,RpoS
XNR_RS15265,RpoS
XNR_RS15605,RpoS
XNR_RS16820,RpoS
XNR_RS16970,RpoS
XNR_RS19350,RpoS
XNR_RS19360,RpoS
XNR_RS19365,RpoS
XNR_RS31605,RpoS
XNR_RS20050,RpoS
XNR_RS20055,RpoS
XNR_RS20435,RpoS
XNR_RS22270,RpoS
XNR_RS31620,RpoS
XNR_RS27315,RpoS
XNR_RS30775,UC-8
XNR_RS09055,UC-8
XNR_RS09060,UC-8
XNR_RS31550,UC-8
XNR_RS09065,UC-8
XNR_RS09075,UC-8
XNR_RS00350,Cellobiose
XNR_RS03905,Cellobiose
XNR_RS04390,Cellobiose
XNR_RS09785,Cellobiose
XNR_RS09790,Cellobiose
XNR_RS09795,Cellobiose
XNR_RS09800,Cellobiose
XNR_RS11010,Cellobiose
XNR_RS11960,Cellobiose
XNR_RS20640,Cellobiose
XNR_RS20645,Cellobiose
XNR_RS20650,Cellobiose
XNR_RS20655,Cellobiose
XNR_RS25505,Cellobiose
XNR_RS26780,Cellobiose
XNR_RS27805,Cellobiose
XNR_RS27810,Cellobiose
XNR_RS27815,Cellobiose
XNR_RS27820,Cellobiose
XNR_RS00060,Paulomycin-3
XNR_RS31490,Paulomycin-3
XNR_RS00985,Paulomycin-3
XNR_RS00990,Paulomycin-3
XNR_RS00995,Paulomycin-3
XNR_RS01000,Paulomycin-3
XNR_RS01800,Paulomycin-3
XNR_RS02875,Paulomycin-3
XNR_RS02885,Paulomycin-3
XNR_RS02890,Paulomycin-3
XNR_RS02895,Paulomycin-3
XNR_RS02900,Paulomycin-3
XNR_RS02905,Paulomycin-3
XNR_RS02910,Paulomycin-3
XNR_RS02915,Paulomycin-3
XNR_RS02920,Paulomycin-3
XNR_RS02925,Paulomycin-3
XNR_RS02930,Paulomycin-3
XNR_RS02935,Paulomycin-3
XNR_RS02940,Paulomycin-3
XNR_RS02945,Paulomycin-3
XNR_RS02950,Paulomycin-3
XNR_RS05920,Paulomycin-3
XNR_RS05930,Paulomycin-3
XNR_RS09020,Paulomycin-3
XNR_RS10845,Paulomycin-3
XNR_RS12880,Paulomycin-3
XNR_RS14590,Paulomycin-3
XNR_RS15955,Paulomycin-3
XNR_RS15960,Paulomycin-3
XNR_RS15965,Paulomycin-3
XNR_RS30620,Paulomycin-3
XNR_RS18715,Paulomycin-3
XNR_RS18720,Paulomycin-3
XNR_RS20335,Paulomycin-3
XNR_RS21940,Paulomycin-3
XNR_RS30130,Paulomycin-3
XNR_RS25520,Paulomycin-3
XNR_RS26900,Paulomycin-3
XNR_RS00405,Fatty Acid
XNR_RS00410,Fatty Acid
XNR_RS01395,Fatty Acid
XNR_RS01465,Fatty Acid
XNR_RS01470,Fatty Acid
XNR_RS01475,Fatty Acid
XNR_RS01480,Fatty Acid
XNR_RS01545,Fatty Acid
XNR_RS01670,Fatty Acid
XNR_RS01955,Fatty Acid
XNR_RS02235,Fatty Acid
XNR_RS02245,Fatty Acid
XNR_RS02250,Fatty Acid
XNR_RS02255,Fatty Acid
XNR_RS02260,Fatty Acid
XNR_RS02265,Fatty Acid
XNR_RS02455,Fatty Acid
XNR_RS03175,Fatty Acid
XNR_RS03775,Fatty Acid
XNR_RS03780,Fatty Acid
XNR_RS06520,Fatty Acid
XNR_RS06525,Fatty Acid
XNR_RS06670,Fatty Acid
XNR_RS30710,Fatty Acid
XNR_RS06995,Fatty Acid
XNR_RS07000,Fatty Acid
XNR_RS07015,Fatty Acid
XNR_RS07125,Fatty Acid
XNR_RS07130,Fatty Acid
XNR_RS07135,Fatty Acid
XNR_RS09675,Fatty Acid
XNR_RS09855,Fatty Acid
XNR_RS10270,Fatty Acid
XNR_RS10465,Fatty Acid
XNR_RS10470,Fatty Acid
XNR_RS10475,Fatty Acid
XNR_RS12170,Fatty Acid
XNR_RS12175,Fatty Acid
XNR_RS12875,Fatty Acid
XNR_RS12880,Fatty Acid
XNR_RS14190,Fatty Acid
XNR_RS14395,Fatty Acid
XNR_RS15290,Fatty Acid
XNR_RS15475,Fatty Acid
XNR_RS15670,Fatty Acid
XNR_RS15675,Fatty Acid
XNR_RS15770,Fatty Acid
XNR_RS17745,Fatty Acid
XNR_RS17750,Fatty Acid
XNR_RS17755,Fatty Acid
XNR_RS17760,Fatty Acid
XNR_RS18685,Fatty Acid
XNR_RS18910,Fatty Acid
XNR_RS18915,Fatty Acid
XNR_RS19905,Fatty Acid
XNR_RS19920,Fatty Acid
XNR_RS20840,Fatty Acid
XNR_RS20845,Fatty Acid
XNR_RS20855,Fatty Acid
XNR_RS20860,Fatty Acid
XNR_RS21675,Fatty Acid
XNR_RS22035,Fatty Acid
XNR_RS22305,Fatty Acid
XNR_RS23270,Fatty Acid
XNR_RS23380,Fatty Acid
XNR_RS23520,Fatty Acid
XNR_RS23670,Fatty Acid
XNR_RS23675,Fatty Acid
XNR_RS24105,Fatty Acid
XNR_RS24425,Fatty Acid
XNR_RS24820,Fatty Acid
XNR_RS25225,Fatty Acid
XNR_RS25375,Fatty Acid
XNR_RS25425,Fatty Acid
XNR_RS25430,Fatty Acid
XNR_RS25440,Fatty Acid
XNR_RS25445,Fatty Acid
XNR_RS25565,Fatty Acid
XNR_RS27235,Fatty Acid
XNR_RS27240,Fatty Acid
XNR_RS27375,Fatty Acid
XNR_RS27500,Fatty Acid
XNR_RS27765,Fatty Acid
XNR_RS28830,Fatty Acid
XNR_RS28835,Fatty Acid
XNR_RS28840,Fatty Acid
XNR_RS00565,Nitrate
XNR_RS00570,Nitrate
XNR_RS01590,Nitrate
XNR_RS31505,Nitrate
XNR_RS01595,Nitrate
XNR_RS29540,Nitrate
XNR_RS31030,Nitrate
XNR_RS02030,Nitrate
XNR_RS02045,Nitrate
XNR_RS02400,Nitrate
XNR_RS02800,Nitrate
XNR_RS02805,Nitrate
XNR_RS02810,Nitrate
XNR_RS03570,Nitrate
XNR_RS03715,Nitrate
XNR_RS04095,Nitrate
XNR_RS04100,Nitrate
XNR_RS05900,Nitrate
XNR_RS07040,Nitrate
XNR_RS07045,Nitrate
XNR_RS07050,Nitrate
XNR_RS07120,Nitrate
XNR_RS07410,Nitrate
XNR_RS08395,Nitrate
XNR_RS08400,Nitrate
XNR_RS08405,Nitrate
XNR_RS08410,Nitrate
XNR_RS08415,Nitrate
XNR_RS08455,Nitrate
XNR_RS08535,Nitrate
XNR_RS08620,Nitrate
XNR_RS08665,Nitrate
XNR_RS08670,Nitrate
XNR_RS08680,Nitrate
XNR_RS08780,Nitrate
XNR_RS08835,Nitrate
XNR_RS08910,Nitrate
XNR_RS08945,Nitrate
XNR_RS09550,Nitrate
XNR_RS09575,Nitrate
XNR_RS09640,Nitrate
XNR_RS10665,Nitrate
XNR_RS10695,Nitrate
XNR_RS10755,Nitrate
XNR_RS10760,Nitrate
XNR_RS13470,Nitrate
XNR_RS13615,Nitrate
XNR_RS13985,Nitrate
XNR_RS14405,Nitrate
XNR_RS14545,Nitrate
XNR_RS14955,Nitrate
XNR_RS15710,Nitrate
XNR_RS16780,Nitrate
XNR_RS16785,Nitrate
XNR_RS17245,Nitrate
XNR_RS18700,Nitrate
XNR_RS18795,Nitrate
XNR_RS18820,Nitrate
XNR_RS19400,Nitrate
XNR_RS19405,Nitrate
XNR_RS21900,Nitrate
XNR_RS21905,Nitrate
XNR_RS21910,Nitrate
XNR_RS21915,Nitrate
XNR_RS21920,Nitrate
XNR_RS21925,Nitrate
XNR_RS21930,Nitrate
XNR_RS21935,Nitrate
XNR_RS21940,Nitrate
XNR_RS21945,Nitrate
XNR_RS22275,Nitrate
XNR_RS22280,Nitrate
XNR_RS23175,Nitrate
XNR_RS23410,Nitrate
XNR_RS30915,Nitrate
XNR_RS24070,Nitrate
XNR_RS25210,Nitrate
XNR_RS25570,Nitrate
XNR_RS26345,Nitrate
XNR_RS26910,Nitrate
XNR_RS26915,Nitrate
XNR_RS27290,Nitrate
XNR_RS27480,Nitrate
XNR_RS27605,Nitrate
XNR_RS27660,Nitrate
XNR_RS28535,Nitrate
XNR_RS03110,Nucleotide
XNR_RS03115,Nucleotide
XNR_RS03120,Nucleotide
XNR_RS03125,Nucleotide
XNR_RS03130,Nucleotide
XNR_RS03225,Nucleotide
XNR_RS03230,Nucleotide
XNR_RS03235,Nucleotide
XNR_RS03240,Nucleotide
XNR_RS03245,Nucleotide
XNR_RS04395,Nucleotide
XNR_RS04400,Nucleotide
XNR_RS19765,Nucleotide
XNR_RS19840,Nucleotide
XNR_RS19845,Nucleotide
XNR_RS19850,Nucleotide
XNR_RS20945,Nucleotide
XNR_RS20950,Nucleotide
XNR_RS28480,Nucleotide
XNR_RS28485,Nucleotide
XNR_RS01130,Translation
XNR_RS01350,Translation
XNR_RS01360,Translation
XNR_RS01550,Translation
XNR_RS02985,Translation
XNR_RS31510,Translation
XNR_RS03290,Translation
XNR_RS03870,Translation
XNR_RS05610,Translation
XNR_RS29605,Translation
XNR_RS05950,Translation
XNR_RS05955,Translation
XNR_RS05960,Translation
XNR_RS06020,Translation
XNR_RS06030,Translation
XNR_RS06035,Translation
XNR_RS06040,Translation
XNR_RS06130,Translation
XNR_RS06135,Translation
XNR_RS06165,Translation
XNR_RS30755,Translation
XNR_RS07245,Translation
XNR_RS07250,Translation
XNR_RS07255,Translation
XNR_RS07265,Translation
XNR_RS07270,Translation
XNR_RS10250,Translation
XNR_RS10255,Translation
XNR_RS30785,Translation
XNR_RS12385,Translation
XNR_RS12390,Translation
XNR_RS13080,Translation
XNR_RS13425,Translation
XNR_RS14015,Translation
XNR_RS14335,Translation
XNR_RS14765,Translation
XNR_RS14770,Translation
XNR_RS14775,Translation
XNR_RS14780,Translation
XNR_RS16595,Translation
XNR_RS18360,Translation
XNR_RS18365,Translation
XNR_RS18375,Translation
XNR_RS18380,Translation
XNR_RS18385,Translation
XNR_RS18390,Translation
XNR_RS18425,Translation
XNR_RS18430,Translation
XNR_RS18435,Translation
XNR_RS18440,Translation
XNR_RS18470,Translation
XNR_RS18475,Translation
XNR_RS18480,Translation
XNR_RS18485,Translation
XNR_RS18490,Translation
XNR_RS18495,Translation
XNR_RS18500,Translation
XNR_RS18505,Translation
XNR_RS18510,Translation
XNR_RS18515,Translation
XNR_RS18520,Translation
XNR_RS18525,Translation
XNR_RS18530,Translation
XNR_RS18535,Translation
XNR_RS18540,Translation
XNR_RS18545,Translation
XNR_RS18550,Translation
XNR_RS18555,Translation
XNR_RS18560,Translation
XNR_RS18565,Translation
XNR_RS18570,Translation
XNR_RS18590,Translation
XNR_RS18595,Translation
XNR_RS18600,Translation
XNR_RS18605,Translation
XNR_RS18610,Translation
XNR_RS18615,Translation
XNR_RS18620,Translation
XNR_RS18630,Translation
XNR_RS18635,Translation
XNR_RS19145,Translation
XNR_RS19480,Translation
XNR_RS19650,Translation
XNR_RS19850,Translation
XNR_RS20970,Translation
XNR_RS21510,Translation
XNR_RS21515,Translation
XNR_RS21520,Translation
XNR_RS21560,Translation
XNR_RS21665,Translation
XNR_RS23000,Translation
XNR_RS23085,Translation
XNR_RS24050,Translation
XNR_RS24055,Translation
XNR_RS24185,Translation
XNR_RS24700,Translation
XNR_RS24885,Translation
XNR_RS24935,Translation
XNR_RS25295,Translation
XNR_RS25300,Translation
XNR_RS25400,Translation
XNR_RS31645,Translation
XNR_RS25920,Translation
XNR_RS25925,Translation
XNR_RS25930,Translation
XNR_RS26460,Translation
XNR_RS26510,Translation
XNR_RS26570,Translation
XNR_RS26575,Translation
XNR_RS27485,Translation
XNR_RS03365,Cell motility
XNR_RS04175,Cell motility
XNR_RS04395,Cell motility
XNR_RS04400,Cell motility
XNR_RS05820,Cell motility
XNR_RS06380,Cell motility
XNR_RS09460,Cell motility
XNR_RS31165,Cell motility
XNR_RS11510,Cell motility
XNR_RS12790,Cell motility
XNR_RS13000,Cell motility
XNR_RS13005,Cell motility
XNR_RS13010,Cell motility
XNR_RS13660,Cell motility
XNR_RS13665,Cell motility
XNR_RS13980,Cell motility
XNR_RS14465,Cell motility
XNR_RS14470,Cell motility
XNR_RS14475,Cell motility
XNR_RS14480,Cell motility
XNR_RS14485,Cell motility
XNR_RS15225,Cell motility
XNR_RS15505,Cell motility
XNR_RS15640,Cell motility
XNR_RS15915,Cell motility
XNR_RS16530,Cell motility
XNR_RS16535,Cell motility
XNR_RS16540,Cell motility
XNR_RS16865,Cell motility
XNR_RS17610,Cell motility
XNR_RS18650,Cell motility
XNR_RS18655,Cell motility
XNR_RS18920,Cell motility
XNR_RS19025,Cell motility
XNR_RS19260,Cell motility
XNR_RS31330,Cell motility
XNR_RS19325,Cell motility
XNR_RS20795,Cell motility
XNR_RS20950,Cell motility
XNR_RS22195,Cell motility
XNR_RS22920,Cell motility
XNR_RS22925,Cell motility
XNR_RS27460,Cell motility
XNR_RS28500,Cell motility
XNR_RS28505,Cell motility
XNR_RS28510,Cell motility
XNR_RS01015,Quorum sensing
XNR_RS01125,Quorum sensing
XNR_RS01540,Quorum sensing
XNR_RS30720,Quorum sensing
XNR_RS01980,Quorum sensing
XNR_RS31510,Quorum sensing
XNR_RS03220,Quorum sensing
XNR_RS03320,Quorum sensing
XNR_RS03425,Quorum sensing
XNR_RS03625,Quorum sensing
XNR_RS03630,Quorum sensing
XNR_RS03745,Quorum sensing
XNR_RS03830,Quorum sensing
XNR_RS03835,Quorum sensing
XNR_RS03840,Quorum sensing
XNR_RS04135,Quorum sensing
XNR_RS04415,Quorum sensing
XNR_RS05030,Quorum sensing
XNR_RS05315,Quorum sensing
XNR_RS05350,Quorum sensing
XNR_RS05355,Quorum sensing
XNR_RS05835,Quorum sensing
XNR_RS05875,Quorum sensing
XNR_RS06415,Quorum sensing
XNR_RS30755,Quorum sensing
XNR_RS06675,Quorum sensing
XNR_RS06685,Quorum sensing
XNR_RS06690,Quorum sensing
XNR_RS06695,Quorum sensing
XNR_RS06700,Quorum sensing
XNR_RS06705,Quorum sensing
XNR_RS06780,Quorum sensing
XNR_RS06900,Quorum sensing
XNR_RS06995,Quorum sensing
XNR_RS07000,Quorum sensing
XNR_RS07645,Quorum sensing
XNR_RS08005,Quorum sensing
XNR_RS08010,Quorum sensing
XNR_RS08095,Quorum sensing
XNR_RS08100,Quorum sensing
XNR_RS08155,Quorum sensing
XNR_RS08420,Quorum sensing
XNR_RS08425,Quorum sensing
XNR_RS08430,Quorum sensing
XNR_RS08435,Quorum sensing
XNR_RS08440,Quorum sensing
XNR_RS08490,Quorum sensing
XNR_RS08565,Quorum sensing
XNR_RS08585,Quorum sensing
XNR_RS08590,Quorum sensing
XNR_RS08595,Quorum sensing
XNR_RS08600,Quorum sensing
XNR_RS31150,Quorum sensing
XNR_RS09755,Quorum sensing
XNR_RS09955,Quorum sensing
XNR_RS10055,Quorum sensing
XNR_RS10445,Quorum sensing
XNR_RS10450,Quorum sensing
XNR_RS10760,Quorum sensing
XNR_RS11135,Quorum sensing
XNR_RS11495,Quorum sensing
XNR_RS11660,Quorum sensing
XNR_RS11825,Quorum sensing
XNR_RS12820,Quorum sensing
XNR_RS12985,Quorum sensing
XNR_RS13005,Quorum sensing
XNR_RS13010,Quorum sensing
XNR_RS13195,Quorum sensing
XNR_RS13800,Quorum sensing
XNR_RS13815,Quorum sensing
XNR_RS13960,Quorum sensing
XNR_RS14460,Quorum sensing
XNR_RS14465,Quorum sensing
XNR_RS14470,Quorum sensing
XNR_RS14475,Quorum sensing
XNR_RS14480,Quorum sensing
XNR_RS14485,Quorum sensing
XNR_RS15140,Quorum sensing
XNR_RS16200,Quorum sensing
XNR_RS16295,Quorum sensing
XNR_RS16525,Quorum sensing
XNR_RS17285,Quorum sensing
XNR_RS17290,Quorum sensing
XNR_RS17295,Quorum sensing
XNR_RS17300,Quorum sensing
XNR_RS17925,Quorum sensing
XNR_RS17930,Quorum sensing
XNR_RS18285,Quorum sensing
XNR_RS18925,Quorum sensing
XNR_RS19060,Quorum sensing
XNR_RS19085,Quorum sensing
XNR_RS19180,Quorum sensing
XNR_RS19340,Quorum sensing
XNR_RS31595,Quorum sensing
XNR_RS19725,Quorum sensing
XNR_RS20050,Quorum sensing
XNR_RS20730,Quorum sensing
XNR_RS21120,Quorum sensing
XNR_RS21775,Quorum sensing
XNR_RS22015,Quorum sensing
XNR_RS22020,Quorum sensing
XNR_RS22110,Quorum sensing
XNR_RS22270,Quorum sensing
XNR_RS22325,Quorum sensing
XNR_RS22395,Quorum sensing
XNR_RS22400,Quorum sensing
XNR_RS22660,Quorum sensing
XNR_RS22965,Quorum sensing
XNR_RS23670,Quorum sensing
XNR_RS23675,Quorum sensing
XNR_RS23880,Quorum sensing
XNR_RS24125,Quorum sensing
XNR_RS24130,Quorum sensing
XNR_RS24135,Quorum sensing
XNR_RS24140,Quorum sensing
XNR_RS24145,Quorum sensing
XNR_RS24870,Quorum sensing
XNR_RS25105,Quorum sensing
XNR_RS25110,Quorum sensing
XNR_RS25125,Quorum sensing
XNR_RS25505,Quorum sensing
XNR_RS25705,Quorum sensing
XNR_RS26170,Quorum sensing
XNR_RS26175,Quorum sensing
XNR_RS26215,Quorum sensing
XNR_RS26220,Quorum sensing
XNR_RS27330,Quorum sensing
XNR_RS27995,Quorum sensing
XNR_RS28105,Quorum sensing
XNR_RS28110,Quorum sensing
XNR_RS28250,Quorum sensing
XNR_RS28290,Quorum sensing
XNR_RS31655,Quorum sensing
XNR_RS29295,Quorum sensing
XNR_RS00765,Serine protease
XNR_RS01015,Serine protease
XNR_RS01025,Serine protease
XNR_RS01125,Serine protease
XNR_RS01565,Serine protease
XNR_RS03565,Serine protease
XNR_RS04405,Serine protease
XNR_RS06345,Serine protease
XNR_RS06675,Serine protease
XNR_RS06890,Serine protease
XNR_RS13785,Serine protease
XNR_RS16815,Serine protease
XNR_RS18745,Serine protease
XNR_RS19345,Serine protease
XNR_RS19395,Serine protease
XNR_RS20260,Serine protease
XNR_RS20545,Serine protease
XNR_RS20555,Serine protease
XNR_RS30080,Serine protease
XNR_RS21085,Serine protease
XNR_RS22540,Serine protease
XNR_RS22780,Serine protease
XNR_RS22910,Serine protease
XNR_RS25195,Serine protease
XNR_RS25205,Serine protease
XNR_RS25230,Serine protease
XNR_RS25305,Serine protease
XNR_RS30400,Surugamide
XNR_RS01980,Surugamide
XNR_RS03830,Surugamide
XNR_RS03835,Surugamide
XNR_RS03840,Surugamide
XNR_RS04360,Surugamide
XNR_RS04365,Surugamide
XNR_RS04415,Surugamide
XNR_RS05640,Surugamide
XNR_RS06705,Surugamide
XNR_RS06900,Surugamide
XNR_RS06955,Surugamide
XNR_RS30710,Surugamide
XNR_RS06995,Surugamide
XNR_RS07000,Surugamide
XNR_RS07640,Surugamide
XNR_RS07645,Surugamide
XNR_RS07650,Surugamide
XNR_RS07820,Surugamide
XNR_RS07825,Surugamide
XNR_RS08490,Surugamide
XNR_RS08585,Surugamide
XNR_RS08590,Surugamide
XNR_RS08595,Surugamide
XNR_RS08600,Surugamide
XNR_RS08900,Surugamide
XNR_RS09260,Surugamide
XNR_RS09265,Surugamide
XNR_RS09270,Surugamide
XNR_RS09835,Surugamide
XNR_RS09840,Surugamide
XNR_RS30295,Surugamide
XNR_RS10905,Surugamide
XNR_RS10940,Surugamide
XNR_RS11345,Surugamide
XNR_RS11350,Surugamide
XNR_RS11355,Surugamide
XNR_RS11360,Surugamide
XNR_RS11365,Surugamide
XNR_RS11370,Surugamide
XNR_RS11495,Surugamide
XNR_RS11615,Surugamide
XNR_RS11620,Surugamide
XNR_RS11625,Surugamide
XNR_RS11630,Surugamide
XNR_RS11635,Surugamide
XNR_RS11640,Surugamide
XNR_RS14265,Surugamide
XNR_RS16530,Surugamide
XNR_RS16535,Surugamide
XNR_RS16540,Surugamide
XNR_RS17075,Surugamide
XNR_RS17080,Surugamide
XNR_RS17085,Surugamide
XNR_RS17095,Surugamide
XNR_RS17110,Surugamide
XNR_RS17115,Surugamide
XNR_RS17145,Surugamide
XNR_RS17150,Surugamide
XNR_RS17155,Surugamide
XNR_RS17160,Surugamide
XNR_RS30855,Surugamide
XNR_RS17165,Surugamide
XNR_RS17175,Surugamide
XNR_RS17180,Surugamide
XNR_RS17635,Surugamide
XNR_RS18285,Surugamide
XNR_RS18920,Surugamide
XNR_RS19710,Surugamide
XNR_RS21140,Surugamide
XNR_RS21145,Surugamide
XNR_RS21150,Surugamide
XNR_RS21315,Surugamide
XNR_RS22195,Surugamide
XNR_RS23495,Surugamide
XNR_RS24145,Surugamide
XNR_RS24750,Surugamide
XNR_RS24755,Surugamide
XNR_RS25765,Surugamide
XNR_RS27245,Surugamide
XNR_RS27480,Surugamide
XNR_RS28500,Surugamide
XNR_RS28505,Surugamide
XNR_RS28510,Surugamide
XNR_RS29120,Surugamide
XNR_RS29125,Surugamide
XNR_RS29130,Surugamide
XNR_RS29135,Surugamide
XNR_RS29140,Surugamide
XNR_RS00125,Amino acid transport
XNR_RS00220,Amino acid transport
XNR_RS00390,Amino acid transport
XNR_RS00430,Amino acid transport
XNR_RS00435,Amino acid transport
XNR_RS00440,Amino acid transport
XNR_RS00630,Amino acid transport
XNR_RS00960,Amino acid transport
XNR_RS01215,Amino acid transport
XNR_RS01370,Amino acid transport
XNR_RS29540,Amino acid transport
XNR_RS31030,Amino acid transport
XNR_RS01980,Amino acid transport
XNR_RS02440,Amino acid transport
XNR_RS02675,Amino acid transport
XNR_RS02770,Amino acid transport
XNR_RS02970,Amino acid transport
XNR_RS02990,Amino acid transport
XNR_RS02995,Amino acid transport
XNR_RS03170,Amino acid transport
XNR_RS03175,Amino acid transport
XNR_RS03230,Amino acid transport
XNR_RS03325,Amino acid transport
XNR_RS03725,Amino acid transport
XNR_RS03730,Amino acid transport
XNR_RS30675,Amino acid transport
XNR_RS04135,Amino acid transport
XNR_RS04365,Amino acid transport
XNR_RS05030,Amino acid transport
XNR_RS05360,Amino acid transport
XNR_RS05365,Amino acid transport
XNR_RS05370,Amino acid transport
XNR_RS05375,Amino acid transport
XNR_RS05440,Amino acid transport
XNR_RS05895,Amino acid transport
XNR_RS06340,Amino acid transport
XNR_RS06575,Amino acid transport
XNR_RS07025,Amino acid transport
XNR_RS07495,Amino acid transport
XNR_RS08450,Amino acid transport
XNR_RS09020,Amino acid transport
XNR_RS09800,Amino acid transport
XNR_RS10055,Amino acid transport
XNR_RS10135,Amino acid transport
XNR_RS31185,Amino acid transport
XNR_RS11865,Amino acid transport
XNR_RS30790,Amino acid transport
XNR_RS12150,Amino acid transport
XNR_RS12345,Amino acid transport
XNR_RS12410,Amino acid transport
XNR_RS12610,Amino acid transport
XNR_RS30810,Amino acid transport
XNR_RS12870,Amino acid transport
XNR_RS13010,Amino acid transport
XNR_RS13110,Amino acid transport
XNR_RS13220,Amino acid transport
XNR_RS13350,Amino acid transport
XNR_RS13475,Amino acid transport
XNR_RS13765,Amino acid transport
XNR_RS13815,Amino acid transport
XNR_RS14190,Amino acid transport
XNR_RS14240,Amino acid transport
XNR_RS14465,Amino acid transport
XNR_RS15440,Amino acid transport
XNR_RS31265,Amino acid transport
XNR_RS15835,Amino acid transport
XNR_RS16180,Amino acid transport
XNR_RS16975,Amino acid transport
XNR_RS17380,Amino acid transport
XNR_RS31590,Amino acid transport
XNR_RS18925,Amino acid transport
XNR_RS19225,Amino acid transport
XNR_RS19230,Amino acid transport
XNR_RS19235,Amino acid transport
XNR_RS19240,Amino acid transport
XNR_RS19245,Amino acid transport
XNR_RS19250,Amino acid transport
XNR_RS19735,Amino acid transport
XNR_RS19935,Amino acid transport
XNR_RS20050,Amino acid transport
XNR_RS20325,Amino acid transport
XNR_RS20540,Amino acid transport
XNR_RS20695,Amino acid transport
XNR_RS20830,Amino acid transport
XNR_RS20835,Amino acid transport
XNR_RS20840,Amino acid transport
XNR_RS20845,Amino acid transport
XNR_RS20850,Amino acid transport
XNR_RS20995,Amino acid transport
XNR_RS21015,Amino acid transport
XNR_RS21085,Amino acid transport
XNR_RS21095,Amino acid transport
XNR_RS22225,Amino acid transport
XNR_RS22680,Amino acid transport
XNR_RS22685,Amino acid transport
XNR_RS22690,Amino acid transport
XNR_RS22760,Amino acid transport
XNR_RS30910,Amino acid transport
XNR_RS23065,Amino acid transport
XNR_RS23195,Amino acid transport
XNR_RS23975,Amino acid transport
XNR_RS24570,Amino acid transport
XNR_RS24575,Amino acid transport
XNR_RS24805,Amino acid transport
XNR_RS25305,Amino acid transport
XNR_RS25845,Amino acid transport
XNR_RS26065,Amino acid transport
XNR_RS26175,Amino acid transport
XNR_RS26420,Amino acid transport
XNR_RS26425,Amino acid transport
XNR_RS26795,Amino acid transport
XNR_RS27375,Amino acid transport
XNR_RS27410,Amino acid transport
XNR_RS27460,Amino acid transport
XNR_RS27520,Amino acid transport
XNR_RS27670,Amino acid transport
XNR_RS27765,Amino acid transport
XNR_RS27970,Amino acid transport
XNR_RS28290,Amino acid transport
XNR_RS00005,UC-9
XNR_RS00325,UC-9
XNR_RS00430,UC-9
XNR_RS00435,UC-9
XNR_RS00440,UC-9
XNR_RS00785,UC-9
XNR_RS01025,UC-9
XNR_RS01585,UC-9
XNR_RS01770,UC-9
XNR_RS02550,UC-9
XNR_RS02555,UC-9
XNR_RS02775,UC-9
XNR_RS03145,UC-9
XNR_RS03155,UC-9
XNR_RS03185,UC-9
XNR_RS03570,UC-9
XNR_RS03670,UC-9
XNR_RS04315,UC-9
XNR_RS04330,UC-9
XNR_RS04405,UC-9
XNR_RS30735,UC-9
XNR_RS31060,UC-9
XNR_RS04690,UC-9
XNR_RS05105,UC-9
XNR_RS05110,UC-9
XNR_RS05115,UC-9
XNR_RS05120,UC-9
XNR_RS05125,UC-9
XNR_RS05745,UC-9
XNR_RS06350,UC-9
XNR_RS06935,UC-9
XNR_RS06955,UC-9
XNR_RS07910,UC-9
XNR_RS07915,UC-9
XNR_RS08005,UC-9
XNR_RS08325,UC-9
XNR_RS08335,UC-9
XNR_RS08340,UC-9
XNR_RS08935,UC-9
XNR_RS09115,UC-9
XNR_RS09120,UC-9
XNR_RS09200,UC-9
XNR_RS09875,UC-9
XNR_RS29710,UC-9
XNR_RS10045,UC-9
XNR_RS10815,UC-9
XNR_RS12860,UC-9
XNR_RS30715,UC-9
XNR_RS13250,UC-9
XNR_RS30820,UC-9
XNR_RS14810,UC-9
XNR_RS15300,UC-9
XNR_RS16065,UC-9
XNR_RS30860,UC-9
XNR_RS31590,UC-9
XNR_RS17705,UC-9
XNR_RS17850,UC-9
XNR_RS30005,UC-9
XNR_RS17925,UC-9
XNR_RS17930,UC-9
XNR_RS19395,UC-9
XNR_RS30350,UC-9
XNR_RS20110,UC-9
XNR_RS20145,UC-9
XNR_RS20760,UC-9
XNR_RS20765,UC-9
XNR_RS20835,UC-9
XNR_RS21090,UC-9
XNR_RS22395,UC-9
XNR_RS22400,UC-9
XNR_RS22410,UC-9
XNR_RS23270,UC-9
XNR_RS24030,UC-9
XNR_RS25020,UC-9
XNR_RS25455,UC-9
XNR_RS26175,UC-9
XNR_RS27330,UC-9
XNR_RS27480,UC-9
XNR_RS27805,UC-9
XNR_RS27810,UC-9
XNR_RS28050,UC-9
XNR_RS28385,UC-9
XNR_RS28390,UC-9
XNR_RS28395,UC-9
XNR_RS28400,UC-9
XNR_RS28405,UC-9
XNR_RS28410,UC-9
XNR_RS28415,UC-9
XNR_RS28420,UC-9
XNR_RS28500,UC-9
XNR_RS31415,UC-9
XNR_RS28980,UC-9
XNR_RS29000,UC-9
